timestamp,username,followers
2026-05-02T22:42:20,know.youngwoo,8407
2026-05-02T22:42:20,choi.jihye.ceo,648
2026-05-02T22:42:20,edu_signal,21000
2026-05-02T22:42:20,chipguide,1043
2026-05-02T22:42:20,jasoseo_king,2814
2026-05-02T22:42:20,master_chopd,2806
2026-05-02T22:42:20,jjeon_ki__,260
2026-05-02T22:42:20,narae_is_consulting,5781
2026-05-02T22:42:20,j_positioning,8676
2026-05-02T22:42:20,catch.job,8292
2026-05-02T22:42:20,interview__k,2506
2026-05-02T22:42:20,job_jin_coach,2900
2026-05-02T22:42:20,engineering.mentor,953
2026-05-02T22:42:20,allkill.binn,10500
2026-05-02T22:42:20,in_ba_hab,7504
2026-05-02T22:42:20,jobandkill,10400
2026-05-02T22:42:20,jasoseohero,3157
2026-05-02T22:42:20,harihari747474,3328
2026-05-02T22:42:20,allpass_everything,33300
2026-05-03T00:00:20,know.youngwoo,8400
2026-05-03T00:00:20,choi.jihye.ceo,629
2026-05-03T00:00:20,edu_signal,21000
2026-05-03T00:00:20,chipguide,1000
2026-05-03T00:00:20,jasoseo_king,2800
2026-05-03T00:00:20,master_chopd,2800
2026-05-03T00:00:20,jjeon_ki__,257
2026-05-03T00:00:20,narae_is_consulting,5800
2026-05-03T00:00:20,j_positioning,8700
2026-05-03T00:00:20,catch.job,8300
2026-05-03T00:00:20,interview__k,2500
2026-05-03T00:00:20,job_jin_coach,2900
2026-05-03T00:00:20,engineering.mentor,947
2026-05-03T00:00:20,allkill.binn,10500
2026-05-03T00:00:20,in_ba_hab,7500
2026-05-03T00:00:20,jobandkill,10400
2026-05-03T00:00:20,jasoseohero,3200
2026-05-03T00:00:20,harihari747474,3300
2026-05-03T00:00:20,allpass_everything,33400
2026-05-02T15:03:16,know.youngwoo,8400
2026-05-02T15:03:16,choi.jihye.ceo,629
2026-05-02T15:03:16,edu_signal,21000
2026-05-02T15:03:16,chipguide,1000
2026-05-02T15:03:16,jasoseo_king,2800
2026-05-02T15:03:16,master_chopd,2800
2026-05-02T15:03:16,jjeon_ki__,257
2026-05-02T15:03:16,narae_is_consulting,5800
2026-05-02T15:03:16,j_positioning,8700
2026-05-02T15:03:16,catch.job,8300
2026-05-02T15:03:16,interview__k,2500
2026-05-02T15:03:16,job_jin_coach,2900
2026-05-02T15:03:16,engineering.mentor,947
2026-05-02T15:03:16,allkill.binn,10500
2026-05-02T15:03:16,in_ba_hab,7500
2026-05-02T15:03:16,jobandkill,10400
2026-05-02T15:03:16,jasoseohero,3200
2026-05-02T15:03:16,harihari747474,3300
2026-05-02T15:03:16,allpass_everything,33400
2026-05-03T07:32:14,know.youngwoo,8400
2026-05-03T07:32:14,choi.jihye.ceo,631
2026-05-03T07:32:14,edu_signal,21100
2026-05-03T07:32:14,chipguide,1000
2026-05-03T07:32:14,jasoseo_king,2800
2026-05-03T07:32:14,master_chopd,2800
2026-05-03T07:32:14,jjeon_ki__,257
2026-05-03T07:32:14,narae_is_consulting,5800
2026-05-03T07:32:14,j_positioning,8700
2026-05-03T07:32:14,catch.job,8300
2026-05-03T07:32:14,interview__k,2500
2026-05-03T07:32:14,job_jin_coach,2900
2026-05-03T07:32:14,engineering.mentor,949
2026-05-03T07:32:14,allkill.binn,10500
2026-05-03T07:32:14,in_ba_hab,7500
2026-05-03T07:32:14,jobandkill,10400
2026-05-03T07:32:14,jasoseohero,3200
2026-05-03T07:32:14,harihari747474,3300
2026-05-03T07:32:14,allpass_everything,33400
2026-05-04T03:08:03,know.youngwoo,8400
2026-05-04T03:08:03,choi.jihye.ceo,630
2026-05-04T03:08:03,edu_signal,21100
2026-05-04T03:08:03,chipguide,1000
2026-05-04T03:08:03,jasoseo_king,2800
2026-05-04T03:08:03,master_chopd,2800
2026-05-04T03:08:03,jjeon_ki__,257
2026-05-04T03:08:03,narae_is_consulting,5800
2026-05-04T03:08:03,j_positioning,8700
2026-05-04T03:08:03,catch.job,8300
2026-05-04T03:08:03,interview__k,2500
2026-05-04T03:08:03,job_jin_coach,2900
2026-05-04T03:08:03,engineering.mentor,947
2026-05-04T03:08:03,allkill.binn,10500
2026-05-04T03:08:03,in_ba_hab,7500
2026-05-04T03:08:03,jobandkill,10400
2026-05-04T03:08:03,jasoseohero,3200
2026-05-04T03:08:03,harihari747474,3400
2026-05-04T03:08:03,allpass_everything,33400
2026-05-05T07:29:16,know.youngwoo,8400
2026-05-05T07:29:16,choi.jihye.ceo,634
2026-05-05T07:29:16,edu_signal,21400
2026-05-05T07:29:16,chipguide,1000
2026-05-05T07:29:16,jasoseo_king,2800
2026-05-05T07:29:16,master_chopd,2800
2026-05-05T07:29:16,jjeon_ki__,259
2026-05-05T07:29:16,narae_is_consulting,5800
2026-05-05T07:29:16,j_positioning,8700
2026-05-05T07:29:16,catch.job,8300
2026-05-05T07:29:16,interview__k,2500
2026-05-05T07:29:16,job_jin_coach,2900
2026-05-05T07:29:16,engineering.mentor,946
2026-05-05T07:29:16,allkill.binn,10500
2026-05-05T07:29:16,in_ba_hab,7500
2026-05-05T07:29:16,jobandkill,10400
2026-05-05T07:29:16,jasoseohero,3200
2026-05-05T07:29:16,harihari747474,3400
2026-05-05T07:29:16,allpass_everything,33400
2026-05-05T20:04:40,know.youngwoo,8400
2026-05-05T20:04:40,insateam_hr,41900
2026-05-05T20:04:40,choi.jihye.ceo,633
2026-05-05T20:04:40,edu_signal,21500
2026-05-05T20:04:40,chipguide,1000
2026-05-05T20:04:40,jasoseo_king,2800
2026-05-05T20:04:40,master_chopd,2800
2026-05-05T20:04:40,jjeon_ki__,259
2026-05-05T20:04:40,narae_is_consulting,5800
2026-05-05T20:04:40,j_positioning,8700
2026-05-05T20:04:40,catch.job,8300
2026-05-05T20:04:40,interview__k,2500
2026-05-05T20:04:40,job_jin_coach,2900
2026-05-05T20:04:40,engineering.mentor,946
2026-05-05T20:04:40,allkill.binn,10500
2026-05-05T20:04:40,in_ba_hab,7500
2026-05-05T20:04:40,jobandkill,10400
2026-05-05T20:04:40,jasoseohero,3200
2026-05-05T20:04:40,harihari747474,3400
2026-05-05T20:04:40,allpass_everything,33400
2026-05-05T21:42:16,know.youngwoo,8400
2026-05-05T21:42:16,insateam_hr,41900
2026-05-05T21:42:16,choi.jihye.ceo,633
2026-05-05T21:42:16,edu_signal,21500
2026-05-05T21:42:16,chipguide,1000
2026-05-05T21:42:16,jasoseo_king,2800
2026-05-05T21:42:16,master_chopd,2800
2026-05-05T21:42:16,narae_is_consulting,5800
2026-05-05T21:42:16,catch.job,8300
2026-05-05T21:42:16,interview__k,2500
2026-05-05T21:42:16,job_jin_coach,2900
2026-05-05T21:42:16,engineering.mentor,946
2026-05-05T21:42:16,allkill.binn,10500
2026-05-05T21:42:16,in_ba_hab,7500
2026-05-05T21:42:16,jobandkill,10400
2026-05-05T21:42:16,jasoseohero,3200
2026-05-05T21:42:16,harihari747474,3400
2026-05-05T21:42:16,allpass_everything,33400
2026-05-05T23:36:36,know.youngwoo,8400
2026-05-05T23:36:36,insateam_hr,41900
2026-05-05T23:36:36,choi.jihye.ceo,633
2026-05-05T23:36:36,edu_signal,21600
2026-05-05T23:36:36,chipguide,1000
2026-05-05T23:36:36,jasoseo_king,2800
2026-05-05T23:36:36,master_chopd,2800
2026-05-05T23:36:36,narae_is_consulting,5800
2026-05-05T23:36:36,j_positioning,8700
2026-05-05T23:36:36,catch.job,8300
2026-05-05T23:36:36,job_jin_coach,2900
2026-05-05T23:36:36,engineering.mentor,946
2026-05-05T23:36:36,allkill.binn,10500
2026-05-05T23:36:36,in_ba_hab,7500
2026-05-05T23:36:36,jobandkill,10400
2026-05-05T23:36:36,jasoseohero,3200
2026-05-05T23:36:36,harihari747474,3400
2026-05-05T23:36:36,allpass_everything,33400
2026-05-06T09:41:43,know.youngwoo,8400
2026-05-06T09:41:43,insateam_hr,41900
2026-05-06T09:41:43,choi.jihye.ceo,637
2026-05-06T09:41:43,edu_signal,21700
2026-05-06T09:41:43,chipguide,1000
2026-05-06T09:41:43,jasoseo_king,2800
2026-05-06T09:41:43,master_chopd,2800
2026-05-06T09:41:43,jjeon_ki__,260
2026-05-06T09:41:43,narae_is_consulting,5800
2026-05-06T09:41:43,j_positioning,8700
2026-05-06T09:41:43,catch.job,8300
2026-05-06T09:41:43,interview__k,2500
2026-05-06T09:41:43,job_jin_coach,2900
2026-05-06T09:41:43,engineering.mentor,949
2026-05-06T09:41:43,allkill.binn,10500
2026-05-06T09:41:43,in_ba_hab,7500
2026-05-06T09:41:43,jobandkill,10400
2026-05-06T09:41:43,jasoseohero,3200
2026-05-06T09:41:43,harihari747474,3400
2026-05-06T09:41:43,allpass_everything,33400
2026-05-06T10:35:38,know.youngwoo,8404
2026-05-06T10:35:38,insateam_hr,41900
2026-05-06T10:35:38,choi.jihye.ceo,660
2026-05-06T10:35:38,edu_signal,21600
2026-05-06T10:35:38,chipguide,1047
2026-05-06T10:35:38,jasoseo_king,2820
2026-05-06T10:35:38,master_chopd,2832
2026-05-06T10:35:38,jjeon_ki__,262
2026-05-06T10:35:38,narae_is_consulting,5787
2026-05-06T10:35:38,j_positioning,8663
2026-05-06T10:35:38,catch.job,8311
2026-05-06T10:35:38,interview__k,2499
2026-05-06T10:35:38,job_jin_coach,2898
2026-05-06T10:35:38,engineering.mentor,956
2026-05-06T10:35:38,allkill.binn,10500
2026-05-06T10:35:38,in_ba_hab,7511
2026-05-06T10:35:38,jobandkill,10400
2026-05-06T10:35:38,jasoseohero,3160
2026-05-06T10:35:38,harihari747474,3355
2026-05-06T10:35:38,allpass_everything,33300
2026-05-06T10:56:24,know.youngwoo,8404
2026-05-06T10:56:24,insateam_hr,41900
2026-05-06T10:56:24,choi.jihye.ceo,659
2026-05-06T10:56:24,edu_signal,21600
2026-05-06T10:56:24,chipguide,1047
2026-05-06T10:56:24,jasoseo_king,2820
2026-05-06T10:56:24,master_chopd,2832
2026-05-06T10:56:24,jjeon_ki__,262
2026-05-06T10:56:24,narae_is_consulting,5787
2026-05-06T10:56:24,j_positioning,8663
2026-05-06T10:56:24,catch.job,8311
2026-05-06T10:56:24,interview__k,2499
2026-05-06T10:56:24,job_jin_coach,2898
2026-05-06T10:56:24,engineering.mentor,956
2026-05-06T10:56:24,allkill.binn,10500
2026-05-06T10:56:24,in_ba_hab,7510
2026-05-06T10:56:24,jobandkill,10400
2026-05-06T10:56:24,jasoseohero,3160
2026-05-06T10:56:24,harihari747474,3355
2026-05-06T10:56:24,allpass_everything,33300
2026-05-06T12:18:34,master_chopd,2832
2026-05-06T12:18:34,jjeon_ki__,262
2026-05-06T12:18:34,engineering.mentor,956
2026-05-06T16:13:13,know.youngwoo,8410
2026-05-06T16:13:13,insateam_hr,41900
2026-05-06T16:13:13,choi.jihye.ceo,660
2026-05-06T16:13:13,edu_signal,21700
2026-05-06T16:13:13,chipguide,1048
2026-05-06T16:13:13,jasoseo_king,2819
2026-05-06T16:13:13,master_chopd,2833
2026-05-06T16:13:13,jjeon_ki__,262
2026-05-06T16:13:13,narae_is_consulting,5788
2026-05-06T16:13:13,j_positioning,8662
2026-05-06T16:13:13,catch.job,8316
2026-05-06T16:13:13,interview__k,2499
2026-05-06T16:13:13,job_jin_coach,2898
2026-05-06T16:13:13,engineering.mentor,956
2026-05-06T16:13:13,allkill.binn,10500
2026-05-06T16:13:13,in_ba_hab,7510
2026-05-06T16:13:13,jobandkill,10400
2026-05-06T16:13:13,jasoseohero,3161
2026-05-06T16:13:13,harihari747474,3355
2026-05-06T16:13:13,allpass_everything,33300
2026-05-06T17:17:42,catch.job,8316
2026-05-06T17:17:42,jasoseohero,3162
2026-05-06T17:17:42,allpass_everything,33300
2026-05-06T20:14:53,know.youngwoo,8410
2026-05-06T20:14:53,insateam_hr,41900
2026-05-06T20:14:53,choi.jihye.ceo,660
2026-05-06T20:14:53,edu_signal,21700
2026-05-06T20:14:53,chipguide,1049
2026-05-06T20:14:53,jasoseo_king,2820
2026-05-06T20:14:53,master_chopd,2834
2026-05-06T20:14:53,jjeon_ki__,262
2026-05-06T20:14:53,narae_is_consulting,5787
2026-05-06T20:14:53,j_positioning,8658
2026-05-06T20:14:53,catch.job,8314
2026-05-06T20:14:53,interview__k,2500
2026-05-06T20:14:53,job_jin_coach,2899
2026-05-06T20:14:53,engineering.mentor,957
2026-05-06T20:14:53,allkill.binn,10500
2026-05-06T20:14:53,in_ba_hab,7507
2026-05-06T20:14:53,jobandkill,10400
2026-05-06T20:14:53,jasoseohero,3165
2026-05-06T20:14:53,harihari747474,3355
2026-05-06T20:14:53,allpass_everything,33300
2026-05-06T21:44:08,know.youngwoo,8410
2026-05-06T21:44:08,insateam_hr,41900
2026-05-06T21:44:08,choi.jihye.ceo,660
2026-05-06T21:44:08,edu_signal,21700
2026-05-06T21:44:08,chipguide,1049
2026-05-06T21:44:08,jasoseo_king,2820
2026-05-06T21:44:08,master_chopd,2835
2026-05-06T21:44:08,jjeon_ki__,262
2026-05-06T21:44:08,narae_is_consulting,5787
2026-05-06T21:44:08,j_positioning,8658
2026-05-06T21:44:08,interview__k,2500
2026-05-06T21:44:08,job_jin_coach,2899
2026-05-06T21:44:08,allkill.binn,10500
2026-05-06T21:44:08,in_ba_hab,7507
2026-05-06T21:44:08,jobandkill,10400
2026-05-06T21:44:08,jasoseohero,3165
2026-05-06T21:44:08,harihari747474,3355
2026-05-06T21:44:08,allpass_everything,33300
2026-05-06T23:37:53,know.youngwoo,8411
2026-05-06T23:37:53,insateam_hr,41900
2026-05-06T23:37:53,edu_signal,21700
2026-05-06T23:37:53,chipguide,1049
2026-05-06T23:37:53,master_chopd,2835
2026-05-06T23:37:53,jjeon_ki__,262
2026-05-06T23:37:53,narae_is_consulting,5788
2026-05-06T23:37:53,catch.job,8316
2026-05-06T23:37:53,interview__k,2500
2026-05-06T23:37:53,job_jin_coach,2899
2026-05-06T23:37:53,engineering.mentor,957
2026-05-06T23:37:53,allkill.binn,10500
2026-05-06T23:37:53,in_ba_hab,7507
2026-05-06T23:37:53,jobandkill,10400
2026-05-06T23:37:53,jasoseohero,3165
2026-05-06T23:37:53,harihari747474,3355
2026-05-06T23:37:53,allpass_everything,33300
2026-05-07T09:47:20,know.youngwoo,8411
2026-05-07T09:47:20,insateam_hr,41800
2026-05-07T09:47:20,choi.jihye.ceo,667
2026-05-07T09:47:20,edu_signal,21900
2026-05-07T09:47:20,chipguide,1049
2026-05-07T09:47:20,jasoseo_king,2818
2026-05-07T09:47:20,master_chopd,2836
2026-05-07T09:47:20,jjeon_ki__,262
2026-05-07T09:47:20,narae_is_consulting,5790
2026-05-07T09:47:20,j_positioning,8657
2026-05-07T09:47:20,catch.job,8322
2026-05-07T09:47:20,interview__k,2504
2026-05-07T09:47:20,job_jin_coach,2899
2026-05-07T09:47:20,engineering.mentor,956
2026-05-07T09:47:20,allkill.binn,10500
2026-05-07T09:47:20,in_ba_hab,7506
2026-05-07T09:47:20,jobandkill,10400
2026-05-07T09:47:20,jasoseohero,3166
2026-05-07T09:47:20,harihari747474,3355
2026-05-07T09:47:20,allpass_everything,33300
2026-05-07T10:55:55,know.youngwoo,8410
2026-05-07T10:55:55,insateam_hr,41800
2026-05-07T10:55:55,choi.jihye.ceo,668
2026-05-07T10:55:55,edu_signal,21900
2026-05-07T10:55:55,chipguide,1049
2026-05-07T10:55:55,jasoseo_king,2818
2026-05-07T10:55:55,master_chopd,2836
2026-05-07T10:55:55,jjeon_ki__,262
2026-05-07T10:55:55,narae_is_consulting,5789
2026-05-07T10:55:55,j_positioning,8656
2026-05-07T10:55:55,catch.job,8321
2026-05-07T10:55:55,job_jin_coach,2898
2026-05-07T10:55:55,engineering.mentor,957
2026-05-07T10:55:55,allkill.binn,10500
2026-05-07T10:55:55,in_ba_hab,7505
2026-05-07T10:55:55,jobandkill,10400
2026-05-07T10:55:55,jasoseohero,3165
2026-05-07T10:55:55,allpass_everything,33300
2026-05-07T12:21:21,know.youngwoo,8410
2026-05-07T12:21:21,insateam_hr,41800
2026-05-07T12:21:21,choi.jihye.ceo,669
2026-05-07T12:21:21,edu_signal,21900
2026-05-07T12:21:21,chipguide,1049
2026-05-07T12:21:21,jasoseo_king,2818
2026-05-07T12:21:21,master_chopd,2836
2026-05-07T12:21:21,jjeon_ki__,262
2026-05-07T12:21:21,narae_is_consulting,5789
2026-05-07T12:21:21,j_positioning,8656
2026-05-07T12:21:21,catch.job,8322
2026-05-07T12:21:21,interview__k,2503
2026-05-07T12:21:21,job_jin_coach,2898
2026-05-07T12:21:21,engineering.mentor,957
2026-05-07T12:21:21,allkill.binn,10500
2026-05-07T12:21:21,in_ba_hab,7505
2026-05-07T12:21:21,jobandkill,10400
2026-05-07T12:21:21,jasoseohero,3165
2026-05-07T12:21:21,harihari747474,3354
2026-05-07T12:21:21,allpass_everything,33300
2026-05-07T16:20:54,know.youngwoo,8422
2026-05-07T16:20:54,choi.jihye.ceo,670
2026-05-07T16:20:54,edu_signal,21900
2026-05-07T16:20:54,jasoseo_king,2818
2026-05-07T16:20:54,master_chopd,2836
2026-05-07T16:20:54,jjeon_ki__,262
2026-05-07T16:20:54,j_positioning,8660
2026-05-07T16:20:54,catch.job,8322
2026-05-07T16:20:54,interview__k,2508
2026-05-07T16:20:54,job_jin_coach,2897
2026-05-07T16:20:54,allkill.binn,10500
2026-05-07T16:20:54,in_ba_hab,7510
2026-05-07T16:20:54,jobandkill,10400
2026-05-07T16:20:54,jasoseohero,3167
2026-05-07T16:20:54,harihari747474,3359
2026-05-07T16:20:54,allpass_everything,33300
2026-05-07T18:01:21,know.youngwoo,8422
2026-05-07T18:01:21,insateam_hr,41800
2026-05-07T18:01:21,choi.jihye.ceo,670
2026-05-07T18:01:21,edu_signal,21900
2026-05-07T18:01:21,chipguide,1050
2026-05-07T18:01:21,jasoseo_king,2818
2026-05-07T18:01:21,master_chopd,2836
2026-05-07T18:01:21,jjeon_ki__,262
2026-05-07T18:01:21,narae_is_consulting,5788
2026-05-07T18:01:21,j_positioning,8659
2026-05-07T18:01:21,catch.job,8320
2026-05-07T18:01:21,interview__k,2508
2026-05-07T18:01:21,job_jin_coach,2897
2026-05-07T18:01:21,engineering.mentor,957
2026-05-07T18:01:21,allkill.binn,10500
2026-05-07T18:01:21,in_ba_hab,7509
2026-05-07T18:01:21,jobandkill,10400
2026-05-07T18:01:21,jasoseohero,3166
2026-05-07T18:01:21,harihari747474,3359
2026-05-07T18:01:21,allpass_everything,33300
2026-05-07T20:07:00,know.youngwoo,8421
2026-05-07T20:07:00,insateam_hr,41800
2026-05-07T20:07:00,choi.jihye.ceo,670
2026-05-07T20:07:00,edu_signal,21900
2026-05-07T20:07:00,master_chopd,2836
2026-05-07T20:07:00,jjeon_ki__,262
2026-05-07T20:07:00,j_positioning,8658
2026-05-07T20:07:00,catch.job,8320
2026-05-07T20:07:00,interview__k,2507
2026-05-07T20:07:00,engineering.mentor,957
2026-05-07T20:07:00,allkill.binn,10500
2026-05-07T20:07:00,in_ba_hab,7508
2026-05-07T20:07:00,jobandkill,10400
2026-05-07T20:07:00,harihari747474,3360
2026-05-07T20:07:00,allpass_everything,33300
2026-05-07T21:17:29,know.youngwoo,8421
2026-05-07T21:17:29,insateam_hr,41800
2026-05-07T21:17:29,choi.jihye.ceo,670
2026-05-07T21:17:29,edu_signal,21900
2026-05-07T21:17:29,chipguide,1050
2026-05-07T21:17:29,jasoseo_king,2818
2026-05-07T21:17:29,master_chopd,2836
2026-05-07T21:17:29,jjeon_ki__,262
2026-05-07T21:17:29,narae_is_consulting,5788
2026-05-07T21:17:29,j_positioning,8658
2026-05-07T21:17:29,catch.job,8320
2026-05-07T21:17:29,interview__k,2507
2026-05-07T21:17:29,job_jin_coach,2897
2026-05-07T21:17:29,engineering.mentor,957
2026-05-07T21:17:29,allkill.binn,10500
2026-05-07T21:17:29,in_ba_hab,7508
2026-05-07T21:17:29,jobandkill,10400
2026-05-07T21:17:29,jasoseohero,3166
2026-05-07T21:17:29,harihari747474,3360
2026-05-07T21:17:29,allpass_everything,33300
2026-05-07T23:40:29,know.youngwoo,8421
2026-05-07T23:40:29,edu_signal,21900
2026-05-07T23:40:29,chipguide,1050
2026-05-07T23:40:29,jasoseo_king,2818
2026-05-07T23:40:29,master_chopd,2836
2026-05-07T23:40:29,jjeon_ki__,262
2026-05-07T23:40:29,j_positioning,8658
2026-05-07T23:40:29,catch.job,8319
2026-05-07T23:40:29,job_jin_coach,2897
2026-05-07T23:40:29,engineering.mentor,957
2026-05-07T23:40:29,allkill.binn,10500
2026-05-07T23:40:29,in_ba_hab,7508
2026-05-07T23:40:29,jobandkill,10400
2026-05-07T23:40:29,jasoseohero,3165
2026-05-07T23:40:29,harihari747474,3360
2026-05-07T23:40:29,allpass_everything,33300
2026-05-08T06:20:02,know.youngwoo,8423
2026-05-08T06:20:02,insateam_hr,41800
2026-05-08T06:20:02,choi.jihye.ceo,670
2026-05-08T06:20:02,edu_signal,21900
2026-05-08T06:20:02,chipguide,1052
2026-05-08T06:20:02,jasoseo_king,2818
2026-05-08T06:20:02,master_chopd,2836
2026-05-08T06:20:02,jjeon_ki__,263
2026-05-08T06:20:02,narae_is_consulting,5791
2026-05-08T06:20:02,j_positioning,8658
2026-05-08T06:20:02,catch.job,8321
2026-05-08T06:20:02,interview__k,2509
2026-05-08T06:20:02,job_jin_coach,2897
2026-05-08T06:20:02,engineering.mentor,958
2026-05-08T06:20:02,allkill.binn,10500
2026-05-08T06:20:02,in_ba_hab,7508
2026-05-08T06:20:02,jobandkill,10400
2026-05-08T06:20:02,jasoseohero,3166
2026-05-08T06:20:02,harihari747474,3360
2026-05-08T06:20:02,allpass_everything,33300
2026-05-08T08:16:00,know.youngwoo,8423
2026-05-08T08:16:00,insateam_hr,41800
2026-05-08T08:16:00,choi.jihye.ceo,670
2026-05-08T08:16:00,edu_signal,21900
2026-05-08T08:16:00,chipguide,1054
2026-05-08T08:16:00,jasoseo_king,2818
2026-05-08T08:16:00,master_chopd,2836
2026-05-08T08:16:00,jjeon_ki__,263
2026-05-08T08:16:00,narae_is_consulting,5791
2026-05-08T08:16:00,j_positioning,8658
2026-05-08T08:16:00,catch.job,8325
2026-05-08T08:16:00,interview__k,2509
2026-05-08T08:16:00,job_jin_coach,2897
2026-05-08T08:16:00,engineering.mentor,959
2026-05-08T08:16:00,allkill.binn,10500
2026-05-08T08:16:00,in_ba_hab,7508
2026-05-08T08:16:00,jobandkill,10400
2026-05-08T08:16:00,jasoseohero,3166
2026-05-08T08:16:00,harihari747474,3360
2026-05-08T08:16:00,allpass_everything,33300
2026-05-08T10:55:24,know.youngwoo,8424
2026-05-08T10:55:24,insateam_hr,41800
2026-05-08T10:55:24,choi.jihye.ceo,670
2026-05-08T10:55:24,edu_signal,21900
2026-05-08T10:55:24,chipguide,1054
2026-05-08T10:55:24,jasoseo_king,2818
2026-05-08T10:55:24,master_chopd,2836
2026-05-08T10:55:24,jjeon_ki__,263
2026-05-08T10:55:24,narae_is_consulting,5791
2026-05-08T10:55:24,j_positioning,8658
2026-05-08T10:55:24,catch.job,8326
2026-05-08T10:55:24,interview__k,2509
2026-05-08T10:55:24,job_jin_coach,2897
2026-05-08T10:55:24,engineering.mentor,959
2026-05-08T10:55:24,allkill.binn,10500
2026-05-08T10:55:24,jobandkill,10400
2026-05-08T10:55:24,jasoseohero,3166
2026-05-08T10:55:24,harihari747474,3360
2026-05-08T10:55:24,allpass_everything,33300
2026-05-08T15:08:43,know.youngwoo,8425
2026-05-08T15:08:43,insateam_hr,41800
2026-05-08T15:08:43,choi.jihye.ceo,670
2026-05-08T15:08:43,edu_signal,21900
2026-05-08T15:08:43,chipguide,1054
2026-05-08T15:08:43,jasoseo_king,2818
2026-05-08T15:08:43,master_chopd,2836
2026-05-08T15:08:43,jjeon_ki__,263
2026-05-08T15:08:43,narae_is_consulting,5791
2026-05-08T15:08:43,j_positioning,8658
2026-05-08T15:08:43,catch.job,8326
2026-05-08T15:08:43,interview__k,2509
2026-05-08T15:08:43,job_jin_coach,2896
2026-05-08T15:08:43,engineering.mentor,960
2026-05-08T15:08:43,allkill.binn,10500
2026-05-08T15:08:43,in_ba_hab,7506
2026-05-08T15:08:43,jobandkill,10400
2026-05-08T15:08:43,jasoseohero,3166
2026-05-08T15:08:43,harihari747474,3361
2026-05-08T15:08:43,allpass_everything,33300
2026-05-08T16:53:45,know.youngwoo,8427
2026-05-08T16:53:45,insateam_hr,41800
2026-05-08T16:53:45,edu_signal,21900
2026-05-08T16:53:45,chipguide,1054
2026-05-08T16:53:45,master_chopd,2836
2026-05-08T16:53:45,jjeon_ki__,263
2026-05-08T16:53:45,narae_is_consulting,5792
2026-05-08T16:53:45,j_positioning,8658
2026-05-08T16:53:45,interview__k,2509
2026-05-08T16:53:45,job_jin_coach,2896
2026-05-08T16:53:45,engineering.mentor,959
2026-05-08T16:53:45,allkill.binn,10500
2026-05-08T16:53:45,in_ba_hab,7506
2026-05-08T16:53:45,jobandkill,10400
2026-05-08T16:53:45,jasoseohero,3166
2026-05-08T16:53:45,harihari747474,3361
2026-05-08T16:53:45,allpass_everything,33300
2026-05-08T19:57:19,know.youngwoo,8426
2026-05-08T19:57:19,insateam_hr,41800
2026-05-08T19:57:19,choi.jihye.ceo,670
2026-05-08T19:57:19,edu_signal,21900
2026-05-08T19:57:19,chipguide,1054
2026-05-08T19:57:19,jasoseo_king,2819
2026-05-08T19:57:19,master_chopd,2837
2026-05-08T19:57:19,narae_is_consulting,5796
2026-05-08T19:57:19,j_positioning,8657
2026-05-08T19:57:19,catch.job,8329
2026-05-08T19:57:19,interview__k,2512
2026-05-08T19:57:19,job_jin_coach,2895
2026-05-08T19:57:19,allkill.binn,10500
2026-05-08T19:57:19,in_ba_hab,7508
2026-05-08T19:57:19,jobandkill,10400
2026-05-08T19:57:19,jasoseohero,3166
2026-05-08T19:57:19,harihari747474,3359
2026-05-08T19:57:19,allpass_everything,33300
2026-05-08T21:37:03,know.youngwoo,8426
2026-05-08T21:37:03,insateam_hr,41800
2026-05-08T21:37:03,choi.jihye.ceo,670
2026-05-08T21:37:03,edu_signal,21900
2026-05-08T21:37:03,chipguide,1054
2026-05-08T21:37:03,jasoseo_king,2818
2026-05-08T21:37:03,master_chopd,2837
2026-05-08T21:37:03,jjeon_ki__,263
2026-05-08T21:37:03,narae_is_consulting,5796
2026-05-08T21:37:03,j_positioning,8657
2026-05-08T21:37:03,catch.job,8329
2026-05-08T21:37:03,interview__k,2512
2026-05-08T21:37:03,job_jin_coach,2895
2026-05-08T21:37:03,engineering.mentor,959
2026-05-08T21:37:03,allkill.binn,10500
2026-05-08T21:37:03,in_ba_hab,7508
2026-05-08T21:37:03,jobandkill,10400
2026-05-08T21:37:03,jasoseohero,3166
2026-05-08T21:37:03,harihari747474,3359
2026-05-08T21:37:03,allpass_everything,33300
2026-05-09T00:12:22,know.youngwoo,8427
2026-05-09T00:12:22,insateam_hr,41800
2026-05-09T00:12:22,edu_signal,21900
2026-05-09T00:12:22,chipguide,1054
2026-05-09T00:12:22,jasoseo_king,2818
2026-05-09T00:12:22,master_chopd,2837
2026-05-09T00:12:22,jjeon_ki__,263
2026-05-09T00:12:22,narae_is_consulting,5796
2026-05-09T00:12:22,j_positioning,8657
2026-05-09T00:12:22,catch.job,8329
2026-05-09T00:12:22,interview__k,2512
2026-05-09T00:12:22,job_jin_coach,2893
2026-05-09T00:12:22,engineering.mentor,959
2026-05-09T00:12:22,allkill.binn,10500
2026-05-09T00:12:22,in_ba_hab,7508
2026-05-09T00:12:22,jasoseohero,3166
2026-05-09T00:12:22,harihari747474,3359
2026-05-09T00:12:22,allpass_everything,33300
2026-05-09T07:25:04,know.youngwoo,8433
2026-05-09T07:25:04,insateam_hr,41800
2026-05-09T07:25:04,choi.jihye.ceo,669
2026-05-09T07:25:04,edu_signal,21900
2026-05-09T07:25:04,chipguide,1054
2026-05-09T07:25:04,jasoseo_king,2817
2026-05-09T07:25:04,master_chopd,2838
2026-05-09T07:25:04,jjeon_ki__,263
2026-05-09T07:25:04,narae_is_consulting,5796
2026-05-09T07:25:04,j_positioning,8657
2026-05-09T07:25:04,catch.job,8328
2026-05-09T07:25:04,interview__k,2512
2026-05-09T07:25:04,job_jin_coach,2893
2026-05-09T07:25:04,engineering.mentor,960
2026-05-09T07:25:04,in_ba_hab,7508
2026-05-09T07:25:04,jobandkill,10400
2026-05-09T07:25:04,jasoseohero,3165
2026-05-09T07:25:04,harihari747474,3361
2026-05-09T07:25:04,allpass_everything,33300
2026-05-09T08:25:41,know.youngwoo,8435
2026-05-09T08:25:41,choi.jihye.ceo,669
2026-05-09T08:25:41,edu_signal,21900
2026-05-09T08:25:41,chipguide,1054
2026-05-09T08:25:41,jasoseo_king,2817
2026-05-09T08:25:41,master_chopd,2838
2026-05-09T08:25:41,jjeon_ki__,263
2026-05-09T08:25:41,narae_is_consulting,5796
2026-05-09T08:25:41,j_positioning,8657
2026-05-09T08:25:41,catch.job,8328
2026-05-09T08:25:41,job_jin_coach,2893
2026-05-09T08:25:41,engineering.mentor,960
2026-05-09T08:25:41,allkill.binn,10500
2026-05-09T08:25:41,in_ba_hab,7508
2026-05-09T08:25:41,jobandkill,10400
2026-05-09T08:25:41,jasoseohero,3165
2026-05-09T08:25:41,harihari747474,3361
2026-05-09T08:25:41,allpass_everything,33300
2026-05-09T09:58:52,know.youngwoo,8438
2026-05-09T09:58:52,insateam_hr,41800
2026-05-09T09:58:52,choi.jihye.ceo,669
2026-05-09T09:58:52,edu_signal,21900
2026-05-09T09:58:52,chipguide,1054
2026-05-09T09:58:52,jasoseo_king,2817
2026-05-09T09:58:52,master_chopd,2838
2026-05-09T09:58:52,jjeon_ki__,263
2026-05-09T09:58:52,narae_is_consulting,5796
2026-05-09T09:58:52,j_positioning,8657
2026-05-09T09:58:52,catch.job,8328
2026-05-09T09:58:52,interview__k,2512
2026-05-09T09:58:52,engineering.mentor,960
2026-05-09T09:58:52,allkill.binn,10500
2026-05-09T09:58:52,jobandkill,10400
2026-05-09T09:58:52,jasoseohero,3165
2026-05-09T09:58:52,harihari747474,3361
2026-05-09T09:58:52,allpass_everything,33300
2026-05-09T11:39:09,know.youngwoo,8440
2026-05-09T11:39:09,insateam_hr,41900
2026-05-09T11:39:09,master_chopd,2838
2026-05-09T11:39:09,jjeon_ki__,263
2026-05-09T11:39:09,j_positioning,8657
2026-05-09T11:39:09,catch.job,8328
2026-05-09T11:39:09,allkill.binn,10500
2026-05-09T11:39:09,in_ba_hab,7508
2026-05-09T11:39:09,jobandkill,10400
2026-05-09T11:39:09,jasoseohero,3165
2026-05-09T11:39:09,harihari747474,3361
2026-05-09T11:39:09,allpass_everything,33300
2026-05-09T14:42:49,know.youngwoo,8440
2026-05-09T14:42:49,insateam_hr,41900
2026-05-09T14:42:49,choi.jihye.ceo,669
2026-05-09T14:42:49,edu_signal,21900
2026-05-09T14:42:49,chipguide,1054
2026-05-09T14:42:49,jasoseo_king,2817
2026-05-09T14:42:49,jjeon_ki__,263
2026-05-09T14:42:49,narae_is_consulting,5796
2026-05-09T14:42:49,j_positioning,8657
2026-05-09T14:42:49,job_jin_coach,2893
2026-05-09T14:42:49,engineering.mentor,960
2026-05-09T14:42:49,allkill.binn,10500
2026-05-09T14:42:49,in_ba_hab,7507
2026-05-09T14:42:49,jobandkill,10400
2026-05-09T14:42:49,jasoseohero,3165
2026-05-09T14:42:49,harihari747474,3361
2026-05-09T14:42:49,allpass_everything,33400
2026-05-09T17:39:46,know.youngwoo,8435
2026-05-09T17:39:46,insateam_hr,41900
2026-05-09T17:39:46,choi.jihye.ceo,669
2026-05-09T17:39:46,edu_signal,21900
2026-05-09T17:39:46,chipguide,1053
2026-05-09T17:39:46,jasoseo_king,2816
2026-05-09T17:39:46,master_chopd,2838
2026-05-09T17:39:46,jjeon_ki__,263
2026-05-09T17:39:46,narae_is_consulting,5796
2026-05-09T17:39:46,j_positioning,8657
2026-05-09T17:39:46,catch.job,8329
2026-05-09T17:39:46,interview__k,2512
2026-05-09T17:39:46,job_jin_coach,2893
2026-05-09T17:39:46,engineering.mentor,959
2026-05-09T17:39:46,allkill.binn,10500
2026-05-09T17:39:46,in_ba_hab,7505
2026-05-09T17:39:46,jobandkill,10400
2026-05-09T17:39:46,jasoseohero,3164
2026-05-09T17:39:46,harihari747474,3361
2026-05-09T17:39:46,allpass_everything,33300
2026-05-09T20:09:13,know.youngwoo,8435
2026-05-09T20:09:13,insateam_hr,41900
2026-05-09T20:09:13,choi.jihye.ceo,668
2026-05-09T20:09:13,chipguide,1053
2026-05-09T20:09:13,jasoseo_king,2816
2026-05-09T20:09:13,jjeon_ki__,263
2026-05-09T20:09:13,j_positioning,8657
2026-05-09T20:09:13,catch.job,8329
2026-05-09T20:09:13,interview__k,2512
2026-05-09T20:09:13,job_jin_coach,2893
2026-05-09T20:09:13,allkill.binn,10500
2026-05-09T20:09:13,jobandkill,10400
2026-05-09T20:09:13,jasoseohero,3164
2026-05-09T20:09:13,harihari747474,3361
2026-05-09T20:09:13,allpass_everything,33300
2026-05-09T23:33:27,know.youngwoo,8434
2026-05-09T23:33:27,insateam_hr,41900
2026-05-09T23:33:27,choi.jihye.ceo,668
2026-05-09T23:33:27,edu_signal,21900
2026-05-09T23:33:27,jasoseo_king,2817
2026-05-09T23:33:27,master_chopd,2838
2026-05-09T23:33:27,jjeon_ki__,264
2026-05-09T23:33:27,narae_is_consulting,5796
2026-05-09T23:33:27,catch.job,8329
2026-05-09T23:33:27,interview__k,2512
2026-05-09T23:33:27,job_jin_coach,2892
2026-05-09T23:33:27,allkill.binn,10500
2026-05-09T23:33:27,in_ba_hab,7504
2026-05-09T23:33:27,jobandkill,10400
2026-05-09T23:33:27,jasoseohero,3164
2026-05-09T23:33:27,harihari747474,3361
2026-05-09T23:33:27,allpass_everything,33400
2026-05-10T07:50:36,know.youngwoo,8438
2026-05-10T07:50:36,insateam_hr,41800
2026-05-10T07:50:36,choi.jihye.ceo,669
2026-05-10T07:50:36,edu_signal,21900
2026-05-10T07:50:36,chipguide,1053
2026-05-10T07:50:36,jasoseo_king,2818
2026-05-10T07:50:36,master_chopd,2838
2026-05-10T07:50:36,jjeon_ki__,264
2026-05-10T07:50:36,narae_is_consulting,5796
2026-05-10T07:50:36,j_positioning,8657
2026-05-10T07:50:36,catch.job,8329
2026-05-10T07:50:36,interview__k,2512
2026-05-10T07:50:36,job_jin_coach,2892
2026-05-10T07:50:36,engineering.mentor,960
2026-05-10T07:50:36,allkill.binn,10500
2026-05-10T07:50:36,in_ba_hab,7503
2026-05-10T07:50:36,jobandkill,10400
2026-05-10T07:50:36,jasoseohero,3164
2026-05-10T07:50:36,harihari747474,3360
2026-05-10T07:50:36,allpass_everything,33400
2026-05-10T09:15:33,know.youngwoo,8438
2026-05-10T09:15:33,insateam_hr,41900
2026-05-10T09:15:33,choi.jihye.ceo,669
2026-05-10T09:15:33,edu_signal,21900
2026-05-10T09:15:33,chipguide,1053
2026-05-10T09:15:33,jasoseo_king,2818
2026-05-10T09:15:33,narae_is_consulting,5796
2026-05-10T09:15:33,j_positioning,8657
2026-05-10T09:15:33,catch.job,8329
2026-05-10T09:15:33,job_jin_coach,2892
2026-05-10T09:15:33,allkill.binn,10500
2026-05-10T09:15:33,in_ba_hab,7503
2026-05-10T09:15:33,jobandkill,10400
2026-05-10T09:15:33,jasoseohero,3164
2026-05-10T09:15:33,harihari747474,3360
2026-05-10T09:15:33,allpass_everything,33400
2026-05-10T10:44:39,know.youngwoo,8439
2026-05-10T10:44:39,insateam_hr,41800
2026-05-10T10:44:39,edu_signal,21900
2026-05-10T10:44:39,jasoseo_king,2818
2026-05-10T10:44:39,master_chopd,2838
2026-05-10T10:44:39,jjeon_ki__,264
2026-05-10T10:44:39,j_positioning,8658
2026-05-10T10:44:39,catch.job,8329
2026-05-10T10:44:39,interview__k,2512
2026-05-10T10:44:39,job_jin_coach,2892
2026-05-10T10:44:39,engineering.mentor,960
2026-05-10T10:44:39,in_ba_hab,7503
2026-05-10T10:44:39,jobandkill,10400
2026-05-10T10:44:39,jasoseohero,3164
2026-05-10T10:44:39,harihari747474,3361
2026-05-10T10:44:39,allpass_everything,33400
2026-05-10T11:39:02,know.youngwoo,8440
2026-05-10T11:39:02,insateam_hr,41900
2026-05-10T11:39:02,choi.jihye.ceo,669
2026-05-10T11:39:02,edu_signal,21900
2026-05-10T11:39:02,chipguide,1053
2026-05-10T11:39:02,jasoseo_king,2818
2026-05-10T11:39:02,master_chopd,2839
2026-05-10T11:39:02,jjeon_ki__,264
2026-05-10T11:39:02,narae_is_consulting,5796
2026-05-10T11:39:02,j_positioning,8658
2026-05-10T11:39:02,catch.job,8329
2026-05-10T11:39:02,interview__k,2512
2026-05-10T11:39:02,engineering.mentor,960
2026-05-10T11:39:02,allkill.binn,10500
2026-05-10T11:39:02,in_ba_hab,7503
2026-05-10T11:39:02,jobandkill,10400
2026-05-10T11:39:02,jasoseohero,3164
2026-05-10T11:39:02,harihari747474,3361
2026-05-10T11:39:02,allpass_everything,33400
2026-05-10T15:17:42,know.youngwoo,8441
2026-05-10T15:17:42,insateam_hr,41900
2026-05-10T15:17:42,choi.jihye.ceo,669
2026-05-10T15:17:42,edu_signal,21900
2026-05-10T15:17:42,chipguide,1053
2026-05-10T15:17:42,jasoseo_king,2819
2026-05-10T15:17:42,master_chopd,2839
2026-05-10T15:17:42,jjeon_ki__,264
2026-05-10T15:17:42,narae_is_consulting,5796
2026-05-10T15:17:42,j_positioning,8658
2026-05-10T15:17:42,catch.job,8329
2026-05-10T15:17:42,interview__k,2511
2026-05-10T15:17:42,job_jin_coach,2892
2026-05-10T15:17:42,engineering.mentor,960
2026-05-10T15:17:42,allkill.binn,10500
2026-05-10T15:17:42,in_ba_hab,7503
2026-05-10T15:17:42,jobandkill,10400
2026-05-10T15:17:42,jasoseohero,3164
2026-05-10T15:17:42,harihari747474,3363
2026-05-10T15:17:42,allpass_everything,33400
2026-05-10T18:07:05,know.youngwoo,8439
2026-05-10T18:07:05,insateam_hr,41800
2026-05-10T18:07:05,choi.jihye.ceo,669
2026-05-10T18:07:05,edu_signal,21900
2026-05-10T18:07:05,chipguide,1053
2026-05-10T18:07:05,jasoseo_king,2819
2026-05-10T18:07:05,master_chopd,2836
2026-05-10T18:07:05,jjeon_ki__,264
2026-05-10T18:07:05,narae_is_consulting,5794
2026-05-10T18:07:05,j_positioning,8652
2026-05-10T18:07:05,catch.job,8327
2026-05-10T18:07:05,interview__k,2507
2026-05-10T18:07:05,job_jin_coach,2892
2026-05-10T18:07:05,engineering.mentor,960
2026-05-10T18:07:05,allkill.binn,10500
2026-05-10T18:07:05,in_ba_hab,7500
2026-05-10T18:07:05,jobandkill,10300
2026-05-10T18:07:05,jasoseohero,3158
2026-05-10T18:07:05,harihari747474,3365
2026-05-10T18:07:05,allpass_everything,33400
2026-05-10T20:12:11,know.youngwoo,8440
2026-05-10T20:12:11,insateam_hr,41800
2026-05-10T20:12:11,choi.jihye.ceo,669
2026-05-10T20:12:11,edu_signal,21900
2026-05-10T20:12:11,chipguide,1053
2026-05-10T20:12:11,jasoseo_king,2819
2026-05-10T20:12:11,master_chopd,2837
2026-05-10T20:12:11,jjeon_ki__,264
2026-05-10T20:12:11,narae_is_consulting,5794
2026-05-10T20:12:11,j_positioning,8652
2026-05-10T20:12:11,catch.job,8327
2026-05-10T20:12:11,interview__k,2507
2026-05-10T20:12:11,job_jin_coach,2892
2026-05-10T20:12:11,engineering.mentor,960
2026-05-10T20:12:11,allkill.binn,10500
2026-05-10T20:12:11,in_ba_hab,7500
2026-05-10T20:12:11,jobandkill,10300
2026-05-10T20:12:11,jasoseohero,3158
2026-05-10T20:12:11,harihari747474,3366
2026-05-10T20:12:11,allpass_everything,33400
2026-05-10T23:38:16,know.youngwoo,8440
2026-05-10T23:38:16,insateam_hr,41800
2026-05-10T23:38:16,choi.jihye.ceo,668
2026-05-10T23:38:16,edu_signal,21900
2026-05-10T23:38:16,chipguide,1053
2026-05-10T23:38:16,jjeon_ki__,264
2026-05-10T23:38:16,narae_is_consulting,5794
2026-05-10T23:38:16,j_positioning,8651
2026-05-10T23:38:16,catch.job,8327
2026-05-10T23:38:16,interview__k,2507
2026-05-10T23:38:16,job_jin_coach,2892
2026-05-10T23:38:16,engineering.mentor,960
2026-05-10T23:38:16,jobandkill,10300
2026-05-10T23:38:16,jasoseohero,3158
2026-05-10T23:38:16,harihari747474,3370
2026-05-10T23:38:16,allpass_everything,33400
2026-05-11T11:49:58,know.youngwoo,8444
2026-05-11T11:49:58,insateam_hr,41800
2026-05-11T11:49:58,choi.jihye.ceo,669
2026-05-11T11:49:58,edu_signal,21900
2026-05-11T11:49:58,chipguide,1053
2026-05-11T11:49:58,jasoseo_king,2819
2026-05-11T11:49:58,master_chopd,2837
2026-05-11T11:49:58,jjeon_ki__,264
2026-05-11T11:49:58,narae_is_consulting,5795
2026-05-11T11:49:58,j_positioning,8651
2026-05-11T11:49:58,catch.job,8327
2026-05-11T11:49:58,interview__k,2506
2026-05-11T11:49:58,job_jin_coach,2892
2026-05-11T11:49:58,engineering.mentor,961
2026-05-11T11:49:58,allkill.binn,10500
2026-05-11T11:49:58,in_ba_hab,7500
2026-05-11T11:49:58,jobandkill,10300
2026-05-11T11:49:58,jasoseohero,3158
2026-05-11T11:49:58,harihari747474,3379
2026-05-11T11:49:58,allpass_everything,33400
2026-05-11T12:50:59,know.youngwoo,8445
2026-05-11T12:50:59,insateam_hr,41800
2026-05-11T12:50:59,choi.jihye.ceo,669
2026-05-11T12:50:59,edu_signal,21900
2026-05-11T12:50:59,chipguide,1053
2026-05-11T12:50:59,jasoseo_king,2819
2026-05-11T12:50:59,master_chopd,2837
2026-05-11T12:50:59,jjeon_ki__,264
2026-05-11T12:50:59,narae_is_consulting,5795
2026-05-11T12:50:59,j_positioning,8651
2026-05-11T12:50:59,catch.job,8327
2026-05-11T12:50:59,interview__k,2506
2026-05-11T12:50:59,job_jin_coach,2892
2026-05-11T12:50:59,engineering.mentor,961
2026-05-11T12:50:59,allkill.binn,10500
2026-05-11T12:50:59,in_ba_hab,7500
2026-05-11T12:50:59,jobandkill,10300
2026-05-11T12:50:59,harihari747474,3379
2026-05-11T12:50:59,allpass_everything,33400
2026-05-11T16:18:13,know.youngwoo,8446
2026-05-11T16:18:13,insateam_hr,41800
2026-05-11T16:18:13,choi.jihye.ceo,669
2026-05-11T16:18:13,edu_signal,21900
2026-05-11T16:18:13,chipguide,1054
2026-05-11T16:18:13,jasoseo_king,2818
2026-05-11T16:18:13,master_chopd,2838
2026-05-11T16:18:13,jjeon_ki__,264
2026-05-11T16:18:13,narae_is_consulting,5798
2026-05-11T16:18:13,j_positioning,8655
2026-05-11T16:18:13,catch.job,8329
2026-05-11T16:18:13,interview__k,2508
2026-05-11T16:18:13,job_jin_coach,2893
2026-05-11T16:18:13,engineering.mentor,961
2026-05-11T16:18:13,allkill.binn,10500
2026-05-11T16:18:13,in_ba_hab,7502
2026-05-11T16:18:13,jobandkill,10300
2026-05-11T16:18:13,jasoseohero,3158
2026-05-11T16:18:13,harihari747474,3381
2026-05-11T16:18:13,allpass_everything,33400
2026-05-11T17:32:02,know.youngwoo,8446
2026-05-11T17:32:02,insateam_hr,41800
2026-05-11T17:32:02,choi.jihye.ceo,669
2026-05-11T17:32:02,edu_signal,21900
2026-05-11T17:32:02,chipguide,1054
2026-05-11T17:32:02,jasoseo_king,2818
2026-05-11T17:32:02,master_chopd,2838
2026-05-11T17:32:02,jjeon_ki__,264
2026-05-11T17:32:02,j_positioning,8654
2026-05-11T17:32:02,catch.job,8329
2026-05-11T17:32:02,interview__k,2508
2026-05-11T17:32:02,job_jin_coach,2893
2026-05-11T17:32:02,engineering.mentor,961
2026-05-11T17:32:02,allkill.binn,10500
2026-05-11T17:32:02,in_ba_hab,7502
2026-05-11T17:32:02,jobandkill,10300
2026-05-11T17:32:02,jasoseohero,3158
2026-05-11T17:32:02,harihari747474,3381
2026-05-11T17:32:02,allpass_everything,33400
2026-05-11T18:23:26,know.youngwoo,8446
2026-05-11T18:23:26,insateam_hr,41800
2026-05-11T18:23:26,choi.jihye.ceo,669
2026-05-11T18:23:26,edu_signal,21900
2026-05-11T18:23:26,chipguide,1054
2026-05-11T18:23:26,jasoseo_king,2818
2026-05-11T18:23:26,master_chopd,2838
2026-05-11T18:23:26,jjeon_ki__,264
2026-05-11T18:23:26,narae_is_consulting,5798
2026-05-11T18:23:26,j_positioning,8654
2026-05-11T18:23:26,catch.job,8329
2026-05-11T18:23:26,interview__k,2508
2026-05-11T18:23:26,job_jin_coach,2893
2026-05-11T18:23:26,engineering.mentor,961
2026-05-11T18:23:26,allkill.binn,10500
2026-05-11T18:23:26,in_ba_hab,7502
2026-05-11T18:23:26,jobandkill,10300
2026-05-11T18:23:26,jasoseohero,3158
2026-05-11T18:23:26,harihari747474,3381
2026-05-11T18:23:26,allpass_everything,33400
2026-05-11T20:56:57,know.youngwoo,8446
2026-05-11T20:56:57,insateam_hr,41800
2026-05-11T20:56:57,choi.jihye.ceo,669
2026-05-11T20:56:57,edu_signal,21900
2026-05-11T20:56:57,chipguide,1054
2026-05-11T20:56:57,jasoseo_king,2818
2026-05-11T20:56:57,master_chopd,2838
2026-05-11T20:56:57,narae_is_consulting,5798
2026-05-11T20:56:57,j_positioning,8654
2026-05-11T20:56:57,catch.job,8329
2026-05-11T20:56:57,interview__k,2508
2026-05-11T20:56:57,job_jin_coach,2893
2026-05-11T20:56:57,engineering.mentor,961
2026-05-11T20:56:57,allkill.binn,10500
2026-05-11T20:56:57,in_ba_hab,7502
2026-05-11T20:56:57,jobandkill,10300
2026-05-11T20:56:57,jasoseohero,3158
2026-05-11T20:56:57,harihari747474,3381
2026-05-11T21:55:40,know.youngwoo,8447
2026-05-11T21:55:40,insateam_hr,41800
2026-05-11T21:55:40,choi.jihye.ceo,669
2026-05-11T21:55:40,edu_signal,21900
2026-05-11T21:55:40,chipguide,1054
2026-05-11T21:55:40,jasoseo_king,2818
2026-05-11T21:55:40,master_chopd,2838
2026-05-11T21:55:40,jjeon_ki__,264
2026-05-11T21:55:40,narae_is_consulting,5797
2026-05-11T21:55:40,j_positioning,8653
2026-05-11T21:55:40,catch.job,8329
2026-05-11T21:55:40,interview__k,2508
2026-05-11T21:55:40,job_jin_coach,2893
2026-05-11T21:55:40,engineering.mentor,961
2026-05-11T21:55:40,allkill.binn,10500
2026-05-11T21:55:40,in_ba_hab,7502
2026-05-11T21:55:40,jobandkill,10300
2026-05-11T21:55:40,jasoseohero,3158
2026-05-11T21:55:40,harihari747474,3381
2026-05-11T21:55:40,allpass_everything,33400
2026-05-12T00:13:31,know.youngwoo,8448
2026-05-12T00:13:31,insateam_hr,41800
2026-05-12T00:13:31,choi.jihye.ceo,669
2026-05-12T00:13:31,edu_signal,21900
2026-05-12T00:13:31,chipguide,1054
2026-05-12T00:13:31,jasoseo_king,2818
2026-05-12T00:13:31,master_chopd,2838
2026-05-12T00:13:31,narae_is_consulting,5797
2026-05-12T00:13:31,j_positioning,8652
2026-05-12T00:13:31,catch.job,8329
2026-05-12T00:13:31,interview__k,2508
2026-05-12T00:13:31,job_jin_coach,2893
2026-05-12T00:13:31,engineering.mentor,961
2026-05-12T00:13:31,allkill.binn,10500
2026-05-12T00:13:31,in_ba_hab,7501
2026-05-12T00:13:31,jobandkill,10300
2026-05-12T00:13:31,jasoseohero,3158
2026-05-12T00:13:31,harihari747474,3381
2026-05-12T00:13:31,allpass_everything,33400
2026-05-12T10:03:51,know.youngwoo,8457
2026-05-12T10:03:51,insateam_hr,41800
2026-05-12T10:03:51,choi.jihye.ceo,670
2026-05-12T10:03:51,edu_signal,21900
2026-05-12T10:03:51,chipguide,1054
2026-05-12T10:03:51,jasoseo_king,2818
2026-05-12T10:03:51,master_chopd,2840
2026-05-12T10:03:51,jjeon_ki__,265
2026-05-12T10:03:51,j_positioning,8652
2026-05-12T10:03:51,catch.job,8329
2026-05-12T10:03:51,interview__k,2509
2026-05-12T10:03:51,job_jin_coach,2893
2026-05-12T10:03:51,engineering.mentor,961
2026-05-12T10:03:51,allkill.binn,10500
2026-05-12T10:03:51,in_ba_hab,7499
2026-05-12T10:03:51,jobandkill,10300
2026-05-12T10:03:51,jasoseohero,3159
2026-05-12T10:03:51,harihari747474,3381
2026-05-12T10:03:51,allpass_everything,33400
2026-05-12T11:27:06,know.youngwoo,8456
2026-05-12T11:27:06,insateam_hr,41800
2026-05-12T11:27:06,choi.jihye.ceo,670
2026-05-12T11:27:06,edu_signal,21900
2026-05-12T11:27:06,chipguide,1054
2026-05-12T11:27:06,jasoseo_king,2818
2026-05-12T11:27:06,master_chopd,2840
2026-05-12T11:27:06,jjeon_ki__,265
2026-05-12T11:27:06,narae_is_consulting,5797
2026-05-12T11:27:06,j_positioning,8652
2026-05-12T11:27:06,catch.job,8329
2026-05-12T11:27:06,job_jin_coach,2893
2026-05-12T11:27:06,engineering.mentor,962
2026-05-12T11:27:06,allkill.binn,10500
2026-05-12T11:27:06,in_ba_hab,7499
2026-05-12T11:27:06,jobandkill,10300
2026-05-12T11:27:06,jasoseohero,3159
2026-05-12T11:27:06,harihari747474,3382
2026-05-12T11:27:06,allpass_everything,33400
2026-05-12T12:30:03,insateam_hr,41800
2026-05-12T12:30:03,choi.jihye.ceo,670
2026-05-12T12:30:03,edu_signal,21900
2026-05-12T12:30:03,chipguide,1054
2026-05-12T12:30:03,jasoseo_king,2818
2026-05-12T12:30:03,jjeon_ki__,265
2026-05-12T12:30:03,narae_is_consulting,5797
2026-05-12T12:30:03,j_positioning,8652
2026-05-12T12:30:03,catch.job,8329
2026-05-12T12:30:03,interview__k,2508
2026-05-12T12:30:03,job_jin_coach,2893
2026-05-12T12:30:03,engineering.mentor,962
2026-05-12T12:30:03,allkill.binn,10500
2026-05-12T12:30:03,in_ba_hab,7499
2026-05-12T12:30:03,jobandkill,10300
2026-05-12T12:30:03,jasoseohero,3159
2026-05-12T12:30:03,harihari747474,3382
2026-05-12T16:39:54,know.youngwoo,8464
2026-05-12T16:39:54,insateam_hr,41800
2026-05-12T16:39:54,choi.jihye.ceo,670
2026-05-12T16:39:54,edu_signal,22000
2026-05-12T16:39:54,chipguide,1053
2026-05-12T16:39:54,jasoseo_king,2817
2026-05-12T16:39:54,master_chopd,2838
2026-05-12T16:39:54,jjeon_ki__,265
2026-05-12T16:39:54,narae_is_consulting,5793
2026-05-12T16:39:54,j_positioning,8655
2026-05-12T16:39:54,catch.job,8326
2026-05-12T16:39:54,interview__k,2510
2026-05-12T16:39:54,job_jin_coach,2893
2026-05-12T16:39:54,engineering.mentor,963
2026-05-12T16:39:54,allkill.binn,10500
2026-05-12T16:39:54,in_ba_hab,7501
2026-05-12T16:39:54,jobandkill,10300
2026-05-12T16:39:54,jasoseohero,3159
2026-05-12T16:39:54,harihari747474,3379
2026-05-12T16:39:54,allpass_everything,33400
2026-05-12T18:25:44,know.youngwoo,8464
2026-05-12T18:25:44,insateam_hr,41800
2026-05-12T18:25:44,choi.jihye.ceo,670
2026-05-12T18:25:44,edu_signal,22000
2026-05-12T18:25:44,chipguide,1052
2026-05-12T18:25:44,jasoseo_king,2817
2026-05-12T18:25:44,master_chopd,2838
2026-05-12T18:25:44,jjeon_ki__,265
2026-05-12T18:25:44,narae_is_consulting,5793
2026-05-12T18:25:44,j_positioning,8655
2026-05-12T18:25:44,catch.job,8326
2026-05-12T18:25:44,interview__k,2510
2026-05-12T18:25:44,job_jin_coach,2893
2026-05-12T18:25:44,engineering.mentor,963
2026-05-12T18:25:44,allkill.binn,10500
2026-05-12T18:25:44,in_ba_hab,7501
2026-05-12T18:25:44,jobandkill,10300
2026-05-12T18:25:44,jasoseohero,3159
2026-05-12T18:25:44,harihari747474,3379
2026-05-12T18:25:44,allpass_everything,33400
2026-05-12T20:56:32,know.youngwoo,8463
2026-05-12T20:56:32,insateam_hr,41800
2026-05-12T20:56:32,choi.jihye.ceo,670
2026-05-12T20:56:32,edu_signal,22000
2026-05-12T20:56:32,chipguide,1052
2026-05-12T20:56:32,jasoseo_king,2817
2026-05-12T20:56:32,master_chopd,2838
2026-05-12T20:56:32,jjeon_ki__,265
2026-05-12T20:56:32,narae_is_consulting,5793
2026-05-12T20:56:32,j_positioning,8655
2026-05-12T20:56:32,catch.job,8326
2026-05-12T20:56:32,interview__k,2510
2026-05-12T20:56:32,job_jin_coach,2893
2026-05-12T20:56:32,engineering.mentor,963
2026-05-12T20:56:32,allkill.binn,10500
2026-05-12T20:56:32,in_ba_hab,7501
2026-05-12T20:56:32,jobandkill,10300
2026-05-12T20:56:32,jasoseohero,3159
2026-05-12T20:56:32,allpass_everything,33400
2026-05-12T21:58:43,know.youngwoo,8463
2026-05-12T21:58:43,choi.jihye.ceo,670
2026-05-12T21:58:43,edu_signal,22000
2026-05-12T21:58:43,chipguide,1052
2026-05-12T21:58:43,jasoseo_king,2817
2026-05-12T21:58:43,master_chopd,2838
2026-05-12T21:58:43,jjeon_ki__,265
2026-05-12T21:58:43,narae_is_consulting,5793
2026-05-12T21:58:43,j_positioning,8655
2026-05-12T21:58:43,interview__k,2510
2026-05-12T21:58:43,job_jin_coach,2893
2026-05-12T21:58:43,engineering.mentor,963
2026-05-12T21:58:43,allkill.binn,10500
2026-05-12T21:58:43,in_ba_hab,7501
2026-05-12T21:58:43,jobandkill,10300
2026-05-12T21:58:43,jasoseohero,3159
2026-05-12T21:58:43,harihari747474,3379
2026-05-12T21:58:43,allpass_everything,33400
2026-05-13T00:16:22,know.youngwoo,8465
2026-05-13T00:16:22,insateam_hr,41800
2026-05-13T00:16:22,choi.jihye.ceo,670
2026-05-13T00:16:22,edu_signal,22100
2026-05-13T00:16:22,chipguide,1052
2026-05-13T00:16:22,jasoseo_king,2817
2026-05-13T00:16:22,master_chopd,2839
2026-05-13T00:16:22,jjeon_ki__,265
2026-05-13T00:16:22,narae_is_consulting,5793
2026-05-13T00:16:22,j_positioning,8655
2026-05-13T00:16:22,catch.job,8326
2026-05-13T00:16:22,interview__k,2510
2026-05-13T00:16:22,job_jin_coach,2893
2026-05-13T00:16:22,engineering.mentor,963
2026-05-13T00:16:22,allkill.binn,10500
2026-05-13T00:16:22,in_ba_hab,7501
2026-05-13T00:16:22,jobandkill,10300
2026-05-13T00:16:22,jasoseohero,3159
2026-05-13T00:16:22,harihari747474,3379
2026-05-13T00:16:22,allpass_everything,33400
2026-05-13T10:04:38,know.youngwoo,8468
2026-05-13T10:04:38,insateam_hr,41800
2026-05-13T10:04:38,choi.jihye.ceo,669
2026-05-13T10:04:38,edu_signal,22100
2026-05-13T10:04:38,chipguide,1052
2026-05-13T10:04:38,jasoseo_king,2818
2026-05-13T10:04:38,master_chopd,2852
2026-05-13T10:04:38,jjeon_ki__,265
2026-05-13T10:04:38,j_positioning,8655
2026-05-13T10:04:38,catch.job,8326
2026-05-13T10:04:38,job_jin_coach,2893
2026-05-13T10:04:38,engineering.mentor,962
2026-05-13T10:04:38,allkill.binn,10500
2026-05-13T10:04:38,in_ba_hab,7498
2026-05-13T10:04:38,jobandkill,10300
2026-05-13T10:04:38,jasoseohero,3159
2026-05-13T10:04:38,harihari747474,3379
2026-05-13T10:04:38,allpass_everything,33400
2026-05-13T11:38:04,know.youngwoo,8469
2026-05-13T11:38:04,insateam_hr,41800
2026-05-13T11:38:04,edu_signal,22100
2026-05-13T11:38:04,chipguide,1052
2026-05-13T11:38:04,jasoseo_king,2817
2026-05-13T11:38:04,master_chopd,2853
2026-05-13T11:38:04,jjeon_ki__,265
2026-05-13T11:38:04,narae_is_consulting,5793
2026-05-13T11:38:04,j_positioning,8654
2026-05-13T11:38:04,interview__k,2510
2026-05-13T11:38:04,job_jin_coach,2893
2026-05-13T11:38:04,engineering.mentor,962
2026-05-13T11:38:04,in_ba_hab,7498
2026-05-13T11:38:04,jobandkill,10300
2026-05-13T11:38:04,jasoseohero,3159
2026-05-13T11:38:04,harihari747474,3379
2026-05-13T11:38:04,allpass_everything,33400
2026-05-13T13:40:09,know.youngwoo,8473
2026-05-13T13:40:09,insateam_hr,41800
2026-05-13T13:40:09,choi.jihye.ceo,669
2026-05-13T13:40:09,edu_signal,22200
2026-05-13T13:40:09,chipguide,1052
2026-05-13T13:40:09,jasoseo_king,2817
2026-05-13T13:40:09,jjeon_ki__,265
2026-05-13T13:40:09,narae_is_consulting,5793
2026-05-13T13:40:09,catch.job,8326
2026-05-13T13:40:09,interview__k,2510
2026-05-13T13:40:09,job_jin_coach,2893
2026-05-13T13:40:09,engineering.mentor,961
2026-05-13T13:40:09,allkill.binn,10500
2026-05-13T13:40:09,in_ba_hab,7498
2026-05-13T13:40:09,jobandkill,10300
2026-05-13T13:40:09,jasoseohero,3159
2026-05-13T13:40:09,harihari747474,3379
2026-05-13T13:40:09,allpass_everything,33400
2026-05-13T17:23:36,know.youngwoo,8475
2026-05-13T17:23:36,insateam_hr,41800
2026-05-13T17:23:36,choi.jihye.ceo,669
2026-05-13T17:23:36,edu_signal,22500
2026-05-13T17:23:36,chipguide,1051
2026-05-13T17:23:36,jasoseo_king,2817
2026-05-13T17:23:36,master_chopd,2854
2026-05-13T17:23:36,jjeon_ki__,265
2026-05-13T17:23:36,narae_is_consulting,5792
2026-05-13T17:23:36,j_positioning,8649
2026-05-13T17:23:36,catch.job,8326
2026-05-13T17:23:36,interview__k,2512
2026-05-13T17:23:36,job_jin_coach,2893
2026-05-13T17:23:36,engineering.mentor,961
2026-05-13T17:23:36,allkill.binn,10500
2026-05-13T17:23:36,in_ba_hab,7500
2026-05-13T17:23:36,jobandkill,10300
2026-05-13T17:23:36,jasoseohero,3158
2026-05-13T17:23:36,harihari747474,3379
2026-05-13T17:23:36,allpass_everything,33400
2026-05-13T18:32:03,know.youngwoo,8475
2026-05-13T18:32:03,insateam_hr,41800
2026-05-13T18:32:03,choi.jihye.ceo,669
2026-05-13T18:32:03,edu_signal,22500
2026-05-13T18:32:03,chipguide,1051
2026-05-13T18:32:03,jasoseo_king,2817
2026-05-13T18:32:03,master_chopd,2854
2026-05-13T18:32:03,jjeon_ki__,265
2026-05-13T18:32:03,narae_is_consulting,5792
2026-05-13T18:32:03,j_positioning,8649
2026-05-13T18:32:03,catch.job,8326
2026-05-13T18:32:03,interview__k,2512
2026-05-13T18:32:03,job_jin_coach,2893
2026-05-13T18:32:03,engineering.mentor,961
2026-05-13T18:32:03,allkill.binn,10500
2026-05-13T18:32:03,in_ba_hab,7500
2026-05-13T18:32:03,jobandkill,10300
2026-05-13T18:32:03,jasoseohero,3158
2026-05-13T18:32:03,harihari747474,3380
2026-05-13T18:32:03,allpass_everything,33400
2026-05-13T21:09:50,know.youngwoo,8475
2026-05-13T21:09:50,insateam_hr,41800
2026-05-13T21:09:50,choi.jihye.ceo,669
2026-05-13T21:09:50,edu_signal,22600
2026-05-13T21:09:50,chipguide,1051
2026-05-13T21:09:50,jasoseo_king,2817
2026-05-13T21:09:50,master_chopd,2854
2026-05-13T21:09:50,jjeon_ki__,266
2026-05-13T21:09:50,narae_is_consulting,5792
2026-05-13T21:09:50,j_positioning,8649
2026-05-13T21:09:50,catch.job,8326
2026-05-13T21:09:50,interview__k,2512
2026-05-13T21:09:50,job_jin_coach,2893
2026-05-13T21:09:50,engineering.mentor,961
2026-05-13T21:09:50,allkill.binn,10500
2026-05-13T21:09:50,in_ba_hab,7500
2026-05-13T21:09:50,jobandkill,10300
2026-05-13T21:09:50,jasoseohero,3158
2026-05-13T21:09:50,harihari747474,3380
2026-05-13T21:09:50,allpass_everything,33400
2026-05-13T22:43:28,know.youngwoo,8475
2026-05-13T22:43:28,insateam_hr,41800
2026-05-13T22:43:28,choi.jihye.ceo,669
2026-05-13T22:43:28,edu_signal,22600
2026-05-13T22:43:28,chipguide,1051
2026-05-13T22:43:28,jasoseo_king,2817
2026-05-13T22:43:28,master_chopd,2855
2026-05-13T22:43:28,jjeon_ki__,266
2026-05-13T22:43:28,narae_is_consulting,5792
2026-05-13T22:43:28,j_positioning,8649
2026-05-13T22:43:28,catch.job,8326
2026-05-13T22:43:28,interview__k,2512
2026-05-13T22:43:28,job_jin_coach,2893
2026-05-13T22:43:28,engineering.mentor,961
2026-05-13T22:43:28,allkill.binn,10500
2026-05-13T22:43:28,in_ba_hab,7500
2026-05-13T22:43:28,jobandkill,10300
2026-05-13T22:43:28,jasoseohero,3158
2026-05-13T22:43:28,harihari747474,3380
2026-05-13T22:43:28,allpass_everything,33400
2026-05-14T07:36:28,know.youngwoo,8478
2026-05-14T07:36:28,insateam_hr,41800
2026-05-14T07:36:28,choi.jihye.ceo,670
2026-05-14T07:36:28,edu_signal,22900
2026-05-14T07:36:28,chipguide,1051
2026-05-14T07:36:28,jasoseo_king,2817
2026-05-14T07:36:28,master_chopd,2857
2026-05-14T07:36:28,jjeon_ki__,266
2026-05-14T07:36:28,narae_is_consulting,5793
2026-05-14T07:36:28,j_positioning,8649
2026-05-14T07:36:28,catch.job,8325
2026-05-14T07:36:28,interview__k,2517
2026-05-14T07:36:28,job_jin_coach,2893
2026-05-14T07:36:28,engineering.mentor,962
2026-05-14T07:36:28,allkill.binn,10500
2026-05-14T07:36:28,in_ba_hab,7500
2026-05-14T07:36:28,jobandkill,10300
2026-05-14T07:36:28,jasoseohero,3158
2026-05-14T07:36:28,harihari747474,3380
2026-05-14T07:36:28,allpass_everything,33400
2026-05-14T09:40:15,know.youngwoo,8479
2026-05-14T09:40:15,insateam_hr,41800
2026-05-14T09:40:15,choi.jihye.ceo,671
2026-05-14T09:40:15,edu_signal,23000
2026-05-14T09:40:15,chipguide,1051
2026-05-14T09:40:15,jasoseo_king,2816
2026-05-14T09:40:15,master_chopd,2858
2026-05-14T09:40:15,jjeon_ki__,265
2026-05-14T09:40:15,narae_is_consulting,5793
2026-05-14T09:40:15,j_positioning,8649
2026-05-14T09:40:15,catch.job,8325
2026-05-14T09:40:15,interview__k,2517
2026-05-14T09:40:15,job_jin_coach,2893
2026-05-14T09:40:15,engineering.mentor,962
2026-05-14T09:40:15,allkill.binn,10500
2026-05-14T09:40:15,in_ba_hab,7499
2026-05-14T09:40:15,jobandkill,10300
2026-05-14T09:40:15,jasoseohero,3158
2026-05-14T09:40:15,harihari747474,3380
2026-05-14T09:40:15,allpass_everything,33400
2026-05-14T11:21:08,know.youngwoo,8479
2026-05-14T11:21:08,insateam_hr,41800
2026-05-14T11:21:08,choi.jihye.ceo,671
2026-05-14T11:21:08,edu_signal,23000
2026-05-14T11:21:08,chipguide,1051
2026-05-14T11:21:08,jasoseo_king,2816
2026-05-14T11:21:08,master_chopd,2858
2026-05-14T11:21:08,jjeon_ki__,265
2026-05-14T11:21:08,narae_is_consulting,5793
2026-05-14T11:21:08,j_positioning,8649
2026-05-14T11:21:08,catch.job,8326
2026-05-14T11:21:08,interview__k,2517
2026-05-14T11:21:08,job_jin_coach,2893
2026-05-14T11:21:08,engineering.mentor,961
2026-05-14T11:21:08,allkill.binn,10500
2026-05-14T11:21:08,in_ba_hab,7499
2026-05-14T11:21:08,jobandkill,10300
2026-05-14T11:21:08,jasoseohero,3158
2026-05-14T11:21:08,harihari747474,3380
2026-05-14T11:21:08,allpass_everything,33400
2026-05-14T12:13:24,know.youngwoo,8478
2026-05-14T12:13:24,insateam_hr,41800
2026-05-14T12:13:24,choi.jihye.ceo,671
2026-05-14T12:13:24,edu_signal,23000
2026-05-14T12:13:24,chipguide,1051
2026-05-14T12:13:24,jasoseo_king,2816
2026-05-14T12:13:24,master_chopd,2858
2026-05-14T12:13:24,jjeon_ki__,264
2026-05-14T12:13:24,narae_is_consulting,5793
2026-05-14T12:13:24,j_positioning,8648
2026-05-14T12:13:24,catch.job,8326
2026-05-14T12:13:24,interview__k,2516
2026-05-14T12:13:24,job_jin_coach,2893
2026-05-14T12:13:24,engineering.mentor,962
2026-05-14T12:13:24,allkill.binn,10500
2026-05-14T12:13:24,in_ba_hab,7499
2026-05-14T12:13:24,jobandkill,10300
2026-05-14T12:13:24,jasoseohero,3158
2026-05-14T12:13:24,harihari747474,3380
2026-05-14T12:13:24,allpass_everything,33400
2026-05-14T16:26:49,know.youngwoo,8480
2026-05-14T16:26:49,insateam_hr,41800
2026-05-14T16:26:49,choi.jihye.ceo,670
2026-05-14T16:26:49,edu_signal,23200
2026-05-14T16:26:49,chipguide,1050
2026-05-14T16:26:49,jasoseo_king,2817
2026-05-14T16:26:49,master_chopd,2861
2026-05-14T16:26:49,jjeon_ki__,265
2026-05-14T16:26:49,narae_is_consulting,5793
2026-05-14T16:26:49,j_positioning,8646
2026-05-14T16:26:49,catch.job,8325
2026-05-14T16:26:49,interview__k,2518
2026-05-14T16:26:49,job_jin_coach,2889
2026-05-14T16:26:49,engineering.mentor,960
2026-05-14T16:26:49,allkill.binn,10500
2026-05-14T16:26:49,in_ba_hab,7501
2026-05-14T16:26:49,jobandkill,10300
2026-05-14T16:26:49,jasoseohero,3156
2026-05-14T16:26:49,harihari747474,3384
2026-05-14T16:26:49,allpass_everything,33400
2026-05-14T18:22:15,know.youngwoo,8480
2026-05-14T18:22:15,insateam_hr,41800
2026-05-14T18:22:15,choi.jihye.ceo,670
2026-05-14T18:22:15,edu_signal,23200
2026-05-14T18:22:15,chipguide,1050
2026-05-14T18:22:15,jasoseo_king,2817
2026-05-14T18:22:15,master_chopd,2861
2026-05-14T18:22:15,jjeon_ki__,265
2026-05-14T18:22:15,narae_is_consulting,5793
2026-05-14T18:22:15,j_positioning,8646
2026-05-14T18:22:15,catch.job,8325
2026-05-14T18:22:15,interview__k,2519
2026-05-14T18:22:15,job_jin_coach,2889
2026-05-14T18:22:15,engineering.mentor,959
2026-05-14T18:22:15,allkill.binn,10500
2026-05-14T18:22:15,in_ba_hab,7501
2026-05-14T18:22:15,jobandkill,10300
2026-05-14T18:22:15,jasoseohero,3156
2026-05-14T18:22:15,harihari747474,3384
2026-05-14T18:22:15,allpass_everything,33400
2026-05-14T20:28:47,know.youngwoo,8480
2026-05-14T20:28:47,insateam_hr,41800
2026-05-14T20:28:47,choi.jihye.ceo,671
2026-05-14T20:28:47,edu_signal,23200
2026-05-14T20:28:47,chipguide,1050
2026-05-14T20:28:47,jasoseo_king,2817
2026-05-14T20:28:47,master_chopd,2862
2026-05-14T20:28:47,jjeon_ki__,265
2026-05-14T20:28:47,narae_is_consulting,5793
2026-05-14T20:28:47,j_positioning,8646
2026-05-14T20:28:47,catch.job,8325
2026-05-14T20:28:47,interview__k,2520
2026-05-14T20:28:47,job_jin_coach,2889
2026-05-14T20:28:47,engineering.mentor,960
2026-05-14T20:28:47,allkill.binn,10500
2026-05-14T20:28:47,in_ba_hab,7501
2026-05-14T20:28:47,jobandkill,10300
2026-05-14T20:28:47,jasoseohero,3156
2026-05-14T20:28:47,harihari747474,3384
2026-05-14T20:28:47,allpass_everything,33400
2026-05-14T21:55:59,know.youngwoo,8480
2026-05-14T21:55:59,insateam_hr,41800
2026-05-14T21:55:59,choi.jihye.ceo,671
2026-05-14T21:55:59,edu_signal,23200
2026-05-14T21:55:59,chipguide,1050
2026-05-14T21:55:59,jasoseo_king,2817
2026-05-14T21:55:59,master_chopd,2862
2026-05-14T21:55:59,jjeon_ki__,265
2026-05-14T21:55:59,narae_is_consulting,5793
2026-05-14T21:55:59,j_positioning,8646
2026-05-14T21:55:59,catch.job,8325
2026-05-14T21:55:59,interview__k,2520
2026-05-14T21:55:59,job_jin_coach,2889
2026-05-14T21:55:59,engineering.mentor,960
2026-05-14T21:55:59,allkill.binn,10500
2026-05-14T21:55:59,in_ba_hab,7501
2026-05-14T21:55:59,jobandkill,10300
2026-05-14T21:55:59,jasoseohero,3156
2026-05-14T21:55:59,harihari747474,3384
2026-05-14T21:55:59,allpass_everything,33400
2026-05-15T00:12:55,know.youngwoo,8480
2026-05-15T00:12:55,insateam_hr,41800
2026-05-15T00:12:55,choi.jihye.ceo,671
2026-05-15T00:12:55,edu_signal,23200
2026-05-15T00:12:55,chipguide,1050
2026-05-15T00:12:55,jasoseo_king,2817
2026-05-15T00:12:55,master_chopd,2862
2026-05-15T00:12:55,jjeon_ki__,265
2026-05-15T00:12:55,narae_is_consulting,5793
2026-05-15T00:12:55,j_positioning,8646
2026-05-15T00:12:55,catch.job,8325
2026-05-15T00:12:55,interview__k,2520
2026-05-15T00:12:55,job_jin_coach,2889
2026-05-15T00:12:55,engineering.mentor,960
2026-05-15T00:12:55,allkill.binn,10500
2026-05-15T00:12:55,in_ba_hab,7501
2026-05-15T00:12:55,jobandkill,10300
2026-05-15T00:12:55,jasoseohero,3156
2026-05-15T00:12:55,harihari747474,3384
2026-05-15T00:12:55,allpass_everything,33400
2026-05-15T10:04:08,know.youngwoo,8483
2026-05-15T10:04:08,insateam_hr,41800
2026-05-15T10:04:08,choi.jihye.ceo,669
2026-05-15T10:04:08,edu_signal,23300
2026-05-15T10:04:08,chipguide,1050
2026-05-15T10:04:08,jasoseo_king,2816
2026-05-15T10:04:08,master_chopd,2862
2026-05-15T10:04:08,jjeon_ki__,265
2026-05-15T10:04:08,narae_is_consulting,5793
2026-05-15T10:04:08,j_positioning,8646
2026-05-15T10:04:08,catch.job,8325
2026-05-15T10:04:08,interview__k,2523
2026-05-15T10:04:08,job_jin_coach,2889
2026-05-15T10:04:08,engineering.mentor,961
2026-05-15T10:04:08,allkill.binn,10500
2026-05-15T10:04:08,in_ba_hab,7500
2026-05-15T10:04:08,jobandkill,10300
2026-05-15T10:04:08,jasoseohero,3155
2026-05-15T10:04:08,harihari747474,3384
2026-05-15T10:04:08,allpass_everything,33400
2026-05-15T11:31:09,know.youngwoo,8483
2026-05-15T11:31:09,insateam_hr,41800
2026-05-15T11:31:09,choi.jihye.ceo,669
2026-05-15T11:31:09,edu_signal,23300
2026-05-15T11:31:09,chipguide,1050
2026-05-15T11:31:09,jasoseo_king,2816
2026-05-15T11:31:09,master_chopd,2862
2026-05-15T11:31:09,jjeon_ki__,265
2026-05-15T11:31:09,narae_is_consulting,5793
2026-05-15T11:31:09,j_positioning,8646
2026-05-15T11:31:09,catch.job,8325
2026-05-15T11:31:09,interview__k,2524
2026-05-15T11:31:09,job_jin_coach,2889
2026-05-15T11:31:09,engineering.mentor,961
2026-05-15T11:31:09,allkill.binn,10500
2026-05-15T11:31:09,in_ba_hab,7500
2026-05-15T11:31:09,jobandkill,10300
2026-05-15T11:31:09,jasoseohero,3155
2026-05-15T11:31:09,harihari747474,3384
2026-05-15T11:31:09,allpass_everything,33400
2026-05-15T12:24:51,know.youngwoo,8483
2026-05-15T12:24:51,insateam_hr,41800
2026-05-15T12:24:51,choi.jihye.ceo,669
2026-05-15T12:24:51,edu_signal,23300
2026-05-15T12:24:51,chipguide,1050
2026-05-15T12:24:51,jasoseo_king,2816
2026-05-15T12:24:51,master_chopd,2862
2026-05-15T12:24:51,jjeon_ki__,265
2026-05-15T12:24:51,narae_is_consulting,5793
2026-05-15T12:24:51,j_positioning,8646
2026-05-15T12:24:51,catch.job,8325
2026-05-15T12:24:51,interview__k,2524
2026-05-15T12:24:51,job_jin_coach,2889
2026-05-15T12:24:51,engineering.mentor,961
2026-05-15T12:24:51,allkill.binn,10500
2026-05-15T12:24:51,in_ba_hab,7500
2026-05-15T12:24:51,jobandkill,10300
2026-05-15T12:24:51,jasoseohero,3155
2026-05-15T12:24:51,harihari747474,3384
2026-05-15T12:24:51,allpass_everything,33400
2026-05-15T16:17:48,know.youngwoo,8480
2026-05-15T16:17:48,insateam_hr,41800
2026-05-15T16:17:48,choi.jihye.ceo,669
2026-05-15T16:17:48,edu_signal,23300
2026-05-15T16:17:48,chipguide,1051
2026-05-15T16:17:48,jasoseo_king,2816
2026-05-15T16:17:48,master_chopd,2861
2026-05-15T16:17:48,jjeon_ki__,266
2026-05-15T16:17:48,narae_is_consulting,5792
2026-05-15T16:17:48,j_positioning,8648
2026-05-15T16:17:48,catch.job,8324
2026-05-15T16:17:48,interview__k,2528
2026-05-15T16:17:48,job_jin_coach,2889
2026-05-15T16:17:48,engineering.mentor,961
2026-05-15T16:17:48,allkill.binn,10500
2026-05-15T16:17:48,in_ba_hab,7496
2026-05-15T16:17:48,jobandkill,10300
2026-05-15T16:17:48,jasoseohero,3157
2026-05-15T16:17:48,harihari747474,3382
2026-05-15T16:17:48,allpass_everything,33400
2026-05-15T17:16:53,know.youngwoo,8480
2026-05-15T17:16:53,insateam_hr,41800
2026-05-15T17:16:53,choi.jihye.ceo,668
2026-05-15T17:16:53,edu_signal,23300
2026-05-15T17:16:53,chipguide,1051
2026-05-15T17:16:53,jasoseo_king,2816
2026-05-15T17:16:53,master_chopd,2861
2026-05-15T17:16:53,jjeon_ki__,266
2026-05-15T17:16:53,narae_is_consulting,5792
2026-05-15T17:16:53,j_positioning,8648
2026-05-15T17:16:53,catch.job,8324
2026-05-15T17:16:53,interview__k,2530
2026-05-15T17:16:53,job_jin_coach,2889
2026-05-15T17:16:53,engineering.mentor,961
2026-05-15T17:16:53,allkill.binn,10500
2026-05-15T17:16:53,in_ba_hab,7496
2026-05-15T17:16:53,jobandkill,10300
2026-05-15T17:16:53,jasoseohero,3157
2026-05-15T17:16:53,harihari747474,3382
2026-05-15T17:16:53,allpass_everything,33400
2026-05-15T20:07:35,know.youngwoo,8480
2026-05-15T20:07:35,insateam_hr,41800
2026-05-15T20:07:35,choi.jihye.ceo,668
2026-05-15T20:07:35,edu_signal,23300
2026-05-15T20:07:35,chipguide,1051
2026-05-15T20:07:35,jasoseo_king,2816
2026-05-15T20:07:35,master_chopd,2861
2026-05-15T20:07:35,jjeon_ki__,266
2026-05-15T20:07:35,narae_is_consulting,5792
2026-05-15T20:07:35,j_positioning,8648
2026-05-15T20:07:35,catch.job,8324
2026-05-15T20:07:35,interview__k,2531
2026-05-15T20:07:35,job_jin_coach,2889
2026-05-15T20:07:35,engineering.mentor,961
2026-05-15T20:07:35,allkill.binn,10500
2026-05-15T20:07:35,in_ba_hab,7496
2026-05-15T20:07:35,jobandkill,10300
2026-05-15T20:07:35,jasoseohero,3157
2026-05-15T20:07:35,harihari747474,3382
2026-05-15T20:07:35,allpass_everything,33400
2026-05-15T21:39:07,know.youngwoo,8480
2026-05-15T21:39:07,insateam_hr,41800
2026-05-15T21:39:07,choi.jihye.ceo,668
2026-05-15T21:39:07,edu_signal,23300
2026-05-15T21:39:07,chipguide,1051
2026-05-15T21:39:07,jasoseo_king,2816
2026-05-15T21:39:07,master_chopd,2861
2026-05-15T21:39:07,jjeon_ki__,266
2026-05-15T21:39:07,narae_is_consulting,5792
2026-05-15T21:39:07,j_positioning,8648
2026-05-15T21:39:07,catch.job,8324
2026-05-15T21:39:07,interview__k,2531
2026-05-15T21:39:07,job_jin_coach,2889
2026-05-15T21:39:07,engineering.mentor,961
2026-05-15T21:39:07,allkill.binn,10500
2026-05-15T21:39:07,in_ba_hab,7496
2026-05-15T21:39:07,jobandkill,10300
2026-05-15T21:39:07,jasoseohero,3157
2026-05-15T21:39:07,harihari747474,3383
2026-05-15T21:39:07,allpass_everything,33400
2026-05-16T00:05:36,know.youngwoo,8480
2026-05-16T00:05:36,insateam_hr,41800
2026-05-16T00:05:36,choi.jihye.ceo,668
2026-05-16T00:05:36,edu_signal,23300
2026-05-16T00:05:36,chipguide,1051
2026-05-16T00:05:36,jasoseo_king,2816
2026-05-16T00:05:36,master_chopd,2861
2026-05-16T00:05:36,jjeon_ki__,266
2026-05-16T00:05:36,narae_is_consulting,5792
2026-05-16T00:05:36,j_positioning,8647
2026-05-16T00:05:36,catch.job,8324
2026-05-16T00:05:36,interview__k,2531
2026-05-16T00:05:36,job_jin_coach,2889
2026-05-16T00:05:36,engineering.mentor,961
2026-05-16T00:05:36,allkill.binn,10500
2026-05-16T00:05:36,in_ba_hab,7496
2026-05-16T00:05:36,jobandkill,10300
2026-05-16T00:05:36,jasoseohero,3157
2026-05-16T00:05:36,harihari747474,3383
2026-05-16T00:05:36,allpass_everything,33400
2026-05-16T07:32:34,know.youngwoo,8480
2026-05-16T07:32:34,insateam_hr,41800
2026-05-16T07:32:34,choi.jihye.ceo,667
2026-05-16T07:32:34,edu_signal,23300
2026-05-16T07:32:34,chipguide,1051
2026-05-16T07:32:34,jasoseo_king,2816
2026-05-16T07:32:34,master_chopd,2860
2026-05-16T07:32:34,jjeon_ki__,266
2026-05-16T07:32:34,narae_is_consulting,5790
2026-05-16T07:32:34,j_positioning,8647
2026-05-16T07:32:34,catch.job,8324
2026-05-16T07:32:34,interview__k,2533
2026-05-16T07:32:34,job_jin_coach,2888
2026-05-16T07:32:34,engineering.mentor,961
2026-05-16T07:32:34,allkill.binn,10500
2026-05-16T07:32:34,in_ba_hab,7496
2026-05-16T07:32:34,jobandkill,10300
2026-05-16T07:32:34,jasoseohero,3157
2026-05-16T07:32:34,harihari747474,3385
2026-05-16T07:32:34,allpass_everything,33400
2026-05-16T09:14:42,know.youngwoo,8481
2026-05-16T09:14:42,insateam_hr,41800
2026-05-16T09:14:42,choi.jihye.ceo,667
2026-05-16T09:14:42,edu_signal,23300
2026-05-16T09:14:42,chipguide,1051
2026-05-16T09:14:42,jasoseo_king,2816
2026-05-16T09:14:42,master_chopd,2860
2026-05-16T09:14:42,jjeon_ki__,266
2026-05-16T09:14:42,narae_is_consulting,5790
2026-05-16T09:14:42,j_positioning,8647
2026-05-16T09:14:42,catch.job,8324
2026-05-16T09:14:42,interview__k,2533
2026-05-16T09:14:42,job_jin_coach,2888
2026-05-16T09:14:42,engineering.mentor,961
2026-05-16T09:14:42,allkill.binn,10500
2026-05-16T09:14:42,in_ba_hab,7496
2026-05-16T09:14:42,jobandkill,10300
2026-05-16T09:14:42,jasoseohero,3157
2026-05-16T09:14:42,harihari747474,3385
2026-05-16T09:14:42,allpass_everything,33400
2026-05-16T10:45:29,know.youngwoo,8482
2026-05-16T10:45:29,insateam_hr,41800
2026-05-16T10:45:29,choi.jihye.ceo,667
2026-05-16T10:45:29,edu_signal,23300
2026-05-16T10:45:29,chipguide,1051
2026-05-16T10:45:29,jasoseo_king,2816
2026-05-16T10:45:29,master_chopd,2860
2026-05-16T10:45:29,jjeon_ki__,266
2026-05-16T10:45:29,narae_is_consulting,5790
2026-05-16T10:45:29,j_positioning,8647
2026-05-16T10:45:29,catch.job,8324
2026-05-16T10:45:29,interview__k,2533
2026-05-16T10:45:29,job_jin_coach,2888
2026-05-16T10:45:29,engineering.mentor,961
2026-05-16T10:45:29,allkill.binn,10500
2026-05-16T10:45:29,in_ba_hab,7496
2026-05-16T10:45:29,jobandkill,10300
2026-05-16T10:45:29,jasoseohero,3157
2026-05-16T10:45:29,harihari747474,3387
2026-05-16T10:45:29,allpass_everything,33400
2026-05-16T11:40:52,know.youngwoo,8481
2026-05-16T11:40:52,insateam_hr,41800
2026-05-16T11:40:52,choi.jihye.ceo,667
2026-05-16T11:40:52,edu_signal,23300
2026-05-16T11:40:52,chipguide,1050
2026-05-16T11:40:52,jasoseo_king,2816
2026-05-16T11:40:52,master_chopd,2860
2026-05-16T11:40:52,jjeon_ki__,266
2026-05-16T11:40:52,j_positioning,8647
2026-05-16T11:40:52,catch.job,8323
2026-05-16T11:40:52,interview__k,2533
2026-05-16T11:40:52,job_jin_coach,2888
2026-05-16T11:40:52,engineering.mentor,961
2026-05-16T11:40:52,allkill.binn,10500
2026-05-16T11:40:52,in_ba_hab,7496
2026-05-16T11:40:52,jobandkill,10300
2026-05-16T11:40:52,jasoseohero,3157
2026-05-16T11:40:52,harihari747474,3387
2026-05-16T11:40:52,allpass_everything,33400
2026-05-16T15:38:45,know.youngwoo,8478
2026-05-16T15:38:45,insateam_hr,41800
2026-05-16T15:38:45,choi.jihye.ceo,667
2026-05-16T15:38:45,edu_signal,23300
2026-05-16T15:38:45,chipguide,1050
2026-05-16T15:38:45,jasoseo_king,2818
2026-05-16T15:38:45,master_chopd,2861
2026-05-16T15:38:45,jjeon_ki__,266
2026-05-16T15:38:45,narae_is_consulting,5791
2026-05-16T15:38:45,j_positioning,8652
2026-05-16T15:38:45,catch.job,8322
2026-05-16T15:38:45,interview__k,2534
2026-05-16T15:38:45,job_jin_coach,2890
2026-05-16T15:38:45,engineering.mentor,961
2026-05-16T15:38:45,allkill.binn,10500
2026-05-16T15:38:45,in_ba_hab,7492
2026-05-16T15:38:45,jobandkill,10300
2026-05-16T15:38:45,jasoseohero,3158
2026-05-16T15:38:45,harihari747474,3389
2026-05-16T15:38:45,allpass_everything,33400
2026-05-16T18:06:50,know.youngwoo,8478
2026-05-16T18:06:50,insateam_hr,41800
2026-05-16T18:06:50,choi.jihye.ceo,666
2026-05-16T18:06:50,edu_signal,23400
2026-05-16T18:06:50,chipguide,1050
2026-05-16T18:06:50,jasoseo_king,2818
2026-05-16T18:06:50,master_chopd,2861
2026-05-16T18:06:50,jjeon_ki__,266
2026-05-16T18:06:50,narae_is_consulting,5791
2026-05-16T18:06:50,j_positioning,8652
2026-05-16T18:06:50,catch.job,8322
2026-05-16T18:06:50,interview__k,2534
2026-05-16T18:06:50,job_jin_coach,2890
2026-05-16T18:06:50,engineering.mentor,961
2026-05-16T18:06:50,allkill.binn,10500
2026-05-16T18:06:50,in_ba_hab,7492
2026-05-16T18:06:50,jobandkill,10300
2026-05-16T18:06:50,jasoseohero,3157
2026-05-16T18:06:50,harihari747474,3391
2026-05-16T18:06:50,allpass_everything,33400
2026-05-16T20:32:43,know.youngwoo,8478
2026-05-16T20:32:43,insateam_hr,41800
2026-05-16T20:32:43,choi.jihye.ceo,666
2026-05-16T20:32:43,edu_signal,23400
2026-05-16T20:32:43,chipguide,1050
2026-05-16T20:32:43,jasoseo_king,2818
2026-05-16T20:32:43,master_chopd,2861
2026-05-16T20:32:43,jjeon_ki__,266
2026-05-16T20:32:43,narae_is_consulting,5791
2026-05-16T20:32:43,j_positioning,8652
2026-05-16T20:32:43,catch.job,8322
2026-05-16T20:32:43,interview__k,2534
2026-05-16T20:32:43,job_jin_coach,2890
2026-05-16T20:32:43,engineering.mentor,961
2026-05-16T20:32:43,allkill.binn,10500
2026-05-16T20:32:43,in_ba_hab,7492
2026-05-16T20:32:43,jobandkill,10300
2026-05-16T20:32:43,jasoseohero,3157
2026-05-16T20:32:43,harihari747474,3392
2026-05-16T20:32:43,allpass_everything,33400
2026-05-16T23:37:16,know.youngwoo,8478
2026-05-16T23:37:16,insateam_hr,41800
2026-05-16T23:37:16,choi.jihye.ceo,666
2026-05-16T23:37:16,edu_signal,23400
2026-05-16T23:37:16,chipguide,1050
2026-05-16T23:37:16,jasoseo_king,2818
2026-05-16T23:37:16,master_chopd,2860
2026-05-16T23:37:16,jjeon_ki__,266
2026-05-16T23:37:16,narae_is_consulting,5791
2026-05-16T23:37:16,j_positioning,8652
2026-05-16T23:37:16,catch.job,8322
2026-05-16T23:37:16,interview__k,2534
2026-05-16T23:37:16,job_jin_coach,2889
2026-05-16T23:37:16,engineering.mentor,961
2026-05-16T23:37:16,allkill.binn,10500
2026-05-16T23:37:16,in_ba_hab,7490
2026-05-16T23:37:16,jobandkill,10300
2026-05-16T23:37:16,jasoseohero,3157
2026-05-16T23:37:16,harihari747474,3394
2026-05-16T23:37:16,allpass_everything,33400
2026-05-17T08:35:27,know.youngwoo,8481
2026-05-17T08:35:27,insateam_hr,41800
2026-05-17T08:35:27,choi.jihye.ceo,666
2026-05-17T08:35:27,edu_signal,23500
2026-05-17T08:35:27,chipguide,1050
2026-05-17T08:35:27,jasoseo_king,2818
2026-05-17T08:35:27,master_chopd,2860
2026-05-17T08:35:27,jjeon_ki__,266
2026-05-17T08:35:27,narae_is_consulting,5790
2026-05-17T08:35:27,j_positioning,8651
2026-05-17T08:35:27,catch.job,8320
2026-05-17T08:35:27,interview__k,2534
2026-05-17T08:35:27,job_jin_coach,2889
2026-05-17T08:35:27,engineering.mentor,961
2026-05-17T08:35:27,allkill.binn,10500
2026-05-17T08:35:27,in_ba_hab,7486
2026-05-17T08:35:27,jobandkill,10300
2026-05-17T08:35:27,jasoseohero,3157
2026-05-17T08:35:27,harihari747474,3414
2026-05-17T08:35:27,allpass_everything,33400
2026-05-17T09:23:16,know.youngwoo,8481
2026-05-17T09:23:16,insateam_hr,41800
2026-05-17T09:23:16,choi.jihye.ceo,666
2026-05-17T09:23:16,edu_signal,23500
2026-05-17T09:23:16,chipguide,1050
2026-05-17T09:23:16,jasoseo_king,2818
2026-05-17T09:23:16,master_chopd,2860
2026-05-17T09:23:16,jjeon_ki__,266
2026-05-17T09:23:16,narae_is_consulting,5790
2026-05-17T09:23:16,j_positioning,8651
2026-05-17T09:23:16,catch.job,8320
2026-05-17T09:23:16,interview__k,2534
2026-05-17T09:23:16,job_jin_coach,2889
2026-05-17T09:23:16,engineering.mentor,961
2026-05-17T09:23:16,allkill.binn,10500
2026-05-17T09:23:16,in_ba_hab,7486
2026-05-17T09:23:16,jobandkill,10300
2026-05-17T09:23:16,jasoseohero,3157
2026-05-17T09:23:16,harihari747474,3414
2026-05-17T09:23:16,allpass_everything,33400
2026-05-17T10:53:32,know.youngwoo,8482
2026-05-17T10:53:32,insateam_hr,41800
2026-05-17T10:53:32,choi.jihye.ceo,666
2026-05-17T10:53:32,edu_signal,23500
2026-05-17T10:53:32,chipguide,1050
2026-05-17T10:53:32,jasoseo_king,2818
2026-05-17T10:53:32,master_chopd,2859
2026-05-17T10:53:32,jjeon_ki__,266
2026-05-17T10:53:32,narae_is_consulting,5790
2026-05-17T10:53:32,j_positioning,8651
2026-05-17T10:53:32,catch.job,8320
2026-05-17T10:53:32,interview__k,2534
2026-05-17T10:53:32,job_jin_coach,2889
2026-05-17T10:53:32,engineering.mentor,961
2026-05-17T10:53:32,allkill.binn,10500
2026-05-17T10:53:32,in_ba_hab,7486
2026-05-17T10:53:32,jobandkill,10300
2026-05-17T10:53:32,jasoseohero,3157
2026-05-17T10:53:32,harihari747474,3414
2026-05-17T10:53:32,allpass_everything,33400
2026-05-17T12:06:03,know.youngwoo,8482
2026-05-17T12:06:03,insateam_hr,41800
2026-05-17T12:06:03,choi.jihye.ceo,666
2026-05-17T12:06:03,edu_signal,23500
2026-05-17T12:06:03,chipguide,1050
2026-05-17T12:06:03,jasoseo_king,2818
2026-05-17T12:06:03,master_chopd,2861
2026-05-17T12:06:03,jjeon_ki__,266
2026-05-17T12:06:03,narae_is_consulting,5791
2026-05-17T12:06:03,j_positioning,8651
2026-05-17T12:06:03,catch.job,8320
2026-05-17T12:06:03,interview__k,2534
2026-05-17T12:06:03,job_jin_coach,2889
2026-05-17T12:06:03,engineering.mentor,961
2026-05-17T12:06:03,allkill.binn,10500
2026-05-17T12:06:03,in_ba_hab,7486
2026-05-17T12:06:03,jobandkill,10300
2026-05-17T12:06:03,jasoseohero,3157
2026-05-17T12:06:03,harihari747474,3414
2026-05-17T12:06:03,allpass_everything,33400
2026-05-17T15:42:45,know.youngwoo,8484
2026-05-17T15:42:45,insateam_hr,41800
2026-05-17T15:42:45,choi.jihye.ceo,666
2026-05-17T15:42:45,edu_signal,23700
2026-05-17T15:42:45,chipguide,1051
2026-05-17T15:42:45,jasoseo_king,2817
2026-05-17T15:42:45,master_chopd,2861
2026-05-17T15:42:45,jjeon_ki__,266
2026-05-17T15:42:45,narae_is_consulting,5790
2026-05-17T15:42:45,j_positioning,8651
2026-05-17T15:42:45,catch.job,8319
2026-05-17T15:42:45,interview__k,2532
2026-05-17T15:42:45,job_jin_coach,2888
2026-05-17T15:42:45,engineering.mentor,960
2026-05-17T15:42:45,allkill.binn,10500
2026-05-17T15:42:45,in_ba_hab,7486
2026-05-17T15:42:45,jobandkill,10300
2026-05-17T15:42:45,jasoseohero,3159
2026-05-17T15:42:45,harihari747474,3420
2026-05-17T15:42:45,allpass_everything,33400
2026-05-17T18:14:32,know.youngwoo,8484
2026-05-17T18:14:32,insateam_hr,41800
2026-05-17T18:14:32,choi.jihye.ceo,666
2026-05-17T18:14:32,edu_signal,23800
2026-05-17T18:14:32,chipguide,1051
2026-05-17T18:14:32,jasoseo_king,2818
2026-05-17T18:14:32,master_chopd,2861
2026-05-17T18:14:32,jjeon_ki__,266
2026-05-17T18:14:32,narae_is_consulting,5791
2026-05-17T18:14:32,j_positioning,8651
2026-05-17T18:14:32,catch.job,8319
2026-05-17T18:14:32,interview__k,2532
2026-05-17T18:14:32,job_jin_coach,2888
2026-05-17T18:14:32,engineering.mentor,960
2026-05-17T18:14:32,allkill.binn,10500
2026-05-17T18:14:32,in_ba_hab,7486
2026-05-17T18:14:32,jobandkill,10300
2026-05-17T18:14:32,jasoseohero,3159
2026-05-17T18:14:32,harihari747474,3425
2026-05-17T18:14:32,allpass_everything,33400
2026-05-17T20:35:15,know.youngwoo,8485
2026-05-17T20:35:15,insateam_hr,41800
2026-05-17T20:35:15,choi.jihye.ceo,665
2026-05-17T20:35:15,edu_signal,23900
2026-05-17T20:35:15,chipguide,1051
2026-05-17T20:35:15,jasoseo_king,2818
2026-05-17T20:35:15,master_chopd,2861
2026-05-17T20:35:15,jjeon_ki__,266
2026-05-17T20:35:15,narae_is_consulting,5790
2026-05-17T20:35:15,j_positioning,8651
2026-05-17T20:35:15,catch.job,8319
2026-05-17T20:35:15,interview__k,2532
2026-05-17T20:35:15,job_jin_coach,2888
2026-05-17T20:35:15,engineering.mentor,960
2026-05-17T20:35:15,allkill.binn,10500
2026-05-17T20:35:15,in_ba_hab,7486
2026-05-17T20:35:15,jobandkill,10300
2026-05-17T20:35:15,jasoseohero,3159
2026-05-17T20:35:15,harihari747474,3428
2026-05-17T20:35:15,allpass_everything,33400
2026-05-18T00:12:27,know.youngwoo,8485
2026-05-18T00:12:27,insateam_hr,41800
2026-05-18T00:12:27,choi.jihye.ceo,665
2026-05-18T00:12:27,edu_signal,23900
2026-05-18T00:12:27,chipguide,1051
2026-05-18T00:12:27,jasoseo_king,2818
2026-05-18T00:12:27,master_chopd,2861
2026-05-18T00:12:27,jjeon_ki__,266
2026-05-18T00:12:27,narae_is_consulting,5790
2026-05-18T00:12:27,j_positioning,8651
2026-05-18T00:12:27,catch.job,8320
2026-05-18T00:12:27,interview__k,2533
2026-05-18T00:12:27,job_jin_coach,2888
2026-05-18T00:12:27,engineering.mentor,960
2026-05-18T00:12:27,allkill.binn,10500
2026-05-18T00:12:27,in_ba_hab,7486
2026-05-18T00:12:27,jobandkill,10300
2026-05-18T00:12:27,jasoseohero,3160
2026-05-18T00:12:27,harihari747474,3431
2026-05-18T00:12:27,allpass_everything,33400
